challenge_type,target_disease,category,title,description,duration_days,target_metric,target_value,difficulty,caution_message,contraindication_message,is_active
COMMON,COMMON,EXERCISE,하루 30분 걷기,하루 30분 이상 걷는 기본 활동 챌린지입니다.,7,exercise_minutes,30,EASY,무리가 느껴지면 속도를 줄이세요.,흉통이 있으면 즉시 중단하세요.,true
SPECIAL,DIABETES,DIET,당뇨 식사 관리,단 음료와 정제탄수화물을 줄이는 챌린지입니다.,7,diabetes_diet_record_count,1,NORMAL,식사를 거르지 마세요.,저혈당 위험이 있으면 개인 지침 우선.,true
GENERAL,GENERAL,HABIT,하루 건강기록 남기기,오늘의 컨디션과 건강 습관을 간단히 기록합니다.,7,daily_health_note_count,1,EASY,,,true
SPECIAL,DIABETES,BLOOD_GLUCOSE,공복 혈당 측정 챌린지,공복 혈당을 측정합니다.,7,,,EASY,공복 혈당은 아침 기상 직후 측정합니다.,"• 측정 전 8시간 이상 금식을 권장합니다.
• 공복혈당이 70mg/dL 미만이면 저혈당 위험이 있습니다.
• 공복혈당이 250mg/dL 이상이면 의료진과 상담을 권장합니다.
• 측정 결과는 참고용이며, 이상 수치가 반복되면 의료기관을 방문하세요",true
SPECIAL,DIABETES,BLOOD_GLUCOSE,식후 혈당 측정 챌린지,"하루 두 번(공복, 식후 2시간 후) 혈당을 측정합니다.",30,,,MEDIUM,"공복 혈당은 아침 기상 직후 측정합니다.
식후 혈당은 식사 시작 후 2시간 뒤 측정합니다.
※ 개인의 치료 방식에 따라 권장 측정 횟수는 달라질 수 있습니다.","• 공복 혈당 측정 전 8시간 이상 금식을 권장합니다.
• 공복혈당이 70mg/dL 미만이면 저혈당 위험이 있습니다.
• 공복혈당이 250mg/dL 이상이면 의료진과 상담을 권장합니다.
• 측정 결과는 참고용이며, 이상 수치가 반복되면 의료기관을 방문하세요",true
SPECIAL,DIABETES,BLOOD_GLUCOSE,혈당 패턴 분석 챌린지,"하루 네 번(공복, 점심, 저녁, 식후, 취침 전) 혈당을 측정합니다.",4,,,HARD,"공복 혈당은 아침 기상 직후 측정합니다.
식후 혈당은 식사 시작 후 2시간 뒤 측정합니다.
※ 개인의 치료 방식에 따라 권장 측정 횟수는 달라질 수 있습니다.","• 공복 혈당 측정 전 8시간 이상 금식을 권장합니다.
• 공복혈당이 70mg/dL 미만이면 저혈당 위험이 있습니다.
• 공복혈당이 250mg/dL 이상이면 의료진과 상담을 권장합니다.
• 측정 결과는 참고용이며, 이상 수치가 반복되면 의료기관을 방문하세요",true
SPECIAL,DIABETES,HABIT,"하루 한 번, 발관리 챌린지","다음 5가지의 항목을 각각 수행 후 확인 버튼을 누릅니다. 5가지 항목이 모두 완료되면 챌린지 완료가 표시됩니다.
    1. 발 상태 확인하기
    - 상처, 물집, 갈라짐, 붓기, 색 변화, 진물 여부 확인
    2. 미온수로 발 씻기 (37~38℃)
    - 너무 뜨거운 물 사용 금지
    - 발을 오래 담그지 않기
    3. 발가락 사이 완전히 말리기
    - 습기가 남지 않도록 관리
    4. 보습하기
    - 발등·발바닥에 로션 바르기
    - 발가락 사이는 제외
    5. 신발 안 확인하기
    - 이물질
    - 날카로운 부분
    - 접힌 깔창 여부 확인",7,,,HARD,"빠른 진료가  필요한 증상

    다음 증상이 있다면 48시간 이내 병원 방문을 권장합니다.
     - 상처, 감염, 궤양
     - 붓기와 열감
     - 악취 또는 고름
     - 피부 색 변화
     - 38℃ 이상 발열
     - 감각 저하 또는 심한 저림
     - 파고드는 발톱에서 진물 발생
     - 걷기 어려울 정도의 통증이나 경련

다음 진료 시 상담이 필요한 증상
 - 갈라진 피부
 - 티눈·굳은살
 - 두꺼워진 발톱
 - 발톱 변형
 - 치유되지 않는 상처
 - 발 저림·감각 이상
 - 운동 시 통증",,true
SPECIAL,HYPERTENSION,BLOOD_PRESSURE,"주 3회, 혈압 측정 챌린지","주 3회 혈압을 측정할 요일을 설정해주세요.
설정한 요일과 시간에 혈압을 측정하고 기록하면 챌린지가 완료됩니다.",7,,,EASY,"올바른 혈압 측정 방법
- 혈압 측정 최소 30분 전 카페인 섭취, 흡연, 운동을 하지 않습니다.
- 측정 시 5분 이상 안정 후 등받이에 기대 팔을 심장 높이에 두고 측정합니다. 측정 중 다리를 꼬거나 말을 하지 않습니다.","수축기혈압 90mmHg 미만이면서 어지러움, 실신 등의 증상이 있으면 의료진과 상담하세요.
수축기혈압 180mmHg 이상 또는 이완기혈압 120mmHg 이상이 반복 측정되면 즉시 의료기관에 문의하세요.",true
SPECIAL,HYPERTENSION,BLOOD_PRESSURE,"하루 한 번, 혈압 측정 챌린지","매일 기상 후 또는 취침 전에 혈압을 측정하고 기록해주세요.
가능하면 매일 같은 시간대에 측정하는 것을 권장합니다.
혈압을 기록하면 챌린지가 완료됩니다.",30,,,MEDIUM,"올바른 혈압 측정 방법
- 혈압 측정 최소 30분 전 카페인 섭취, 흡연, 운동을 하지 않습니다.
- 측정 시 5분 이상 안정 후 등받이에 기대 팔을 심장 높이에 두고 측정합니다. 측정 중 다리를 꼬거나 말을 하지 않습니다.","수축기혈압 90mmHg 미만이면서 어지러움, 실신 등의 증상이 있으면 의료진과 상담하세요.
수축기혈압 180mmHg 이상 또는 이완기혈압 120mmHg 이상이 반복 측정되면 즉시 의료기관에 문의하세요.",true
SPECIAL,HYPERTENSION,BLOOD_PRESSURE,"하루 두 번, 혈압 측정 챌린지","매일 2회 혈압을 측정하고 평균값을 기록해주세요.
기상 후 2회 측정한 혈압의 평균값과, 취침 전 2회 측정한 혈압의 평균값을 기록합니다.
가능하면 매일 같은 시간대에 측정하는 것을 권장합니다.
혈압을 저장하면 챌린지가 완료됩니다.",30,,,HARD,"올바른 혈압 측정 방법
- 혈압 측정 최소 30분 전 카페인 섭취, 흡연, 운동을 하지 않습니다.
- 측정 시 5분 이상 안정 후 등받이에 기대 팔을 심장 높이에 두고 측정합니다. 측정 중 다리를 꼬거나 말을 하지 않습니다.","수축기혈압 90mmHg 미만이면서 어지러움, 실신 등의 증상이 있으면 의료진과 상담하세요.
수축기혈압 180mmHg 이상 또는 이완기혈압 120mmHg 이상이 반복 측정되면 즉시 의료기관에 문의하세요.",true
COMMON,COMMON,HABIT,"30일, 금주 챌린지",30일 동안 술을 마시지 않는 금주에 도전합니다.,30,,,HARD,"평소 음주량이 많았다면 갑작스럽게 금주를 시작할 때 불편함을 느낄 수 있습니다.
충분한 수분을 섭취하고 규칙적인 식사를 유지해주세요.
심한 불안, 손 떨림, 식은땀, 불면, 두근거림 등의 증상이 나타나면 의료진과 상담하세요.","장기간 과음해 온 경우 갑작스러운 금주로 금단 증상이 나타날 수 있습니다.
알코올 의존증으로 치료 중이거나 치료 이력이 있는 경우 의료진과 상담 후 진행해주세요.",true
COMMON,COMMON,HABIT,"30일, 하루 두 잔 절주 챌린지","30일 동안 하루 2잔 이하로 음주하는 절주에 도전합니다.

절주 권장 기준 (알코올 기준, 남성 20~30g, 여성 10~20g)
맥주
남성: 720mL 미만
여성: 480mL 미만
와인
남성: 200~300mL 미만
여성: 100~200mL 미만
청주
남성: 200mL 미만
여성: 약 133mL 미만
위스키
남성: 60mL 미만
여성: 40mL 미만
소주
남성: 150~230mL 미만
여성: 75~150mL 미만",30,,,MEDIUM,"평소 음주량이 많았다면 갑작스럽게 금주를 시작할 때 불편함을 느낄 수 있습니다.
충분한 수분을 섭취하고 규칙적인 식사를 유지해주세요.
심한 불안, 손 떨림, 식은땀, 불면, 두근거림 등의 증상이 나타나면 의료진과 상담하세요.","장기간 과음해 온 경우 갑작스러운 금주로 금단 증상이 나타날 수 있습니다.
알코올 의존증으로 치료 중이거나 치료 이력이 있는 경우 의료진과 상담 후 진행해주세요.",true
COMMON,COMMON,HABIT,주 1일 금주 챌린지,"30일 동안 음주 횟수를 주 1회 이하로 제한합니다.
술자리가 있더라도 주 1회를 넘지 않도록 실천해보세요.",30,,,EASY,"평소 음주량이 많았다면 갑작스럽게 금주를 시작할 때 불편함을 느낄 수 있습니다.
충분한 수분을 섭취하고 규칙적인 식사를 유지해주세요.
심한 불안, 손 떨림, 식은땀, 불면, 두근거림 등의 증상이 나타나면 의료진과 상담하세요.","장기간 과음해 온 경우 갑작스러운 금주로 금단 증상이 나타날 수 있습니다.
알코올 의존증으로 치료 중이거나 치료 이력이 있는 경우 의료진과 상담 후 진행해주세요.",true
COMMON,COMMON,HABIT,30일 폭음 피하기 챌린지,"30일 동안 폭음하지 않기에 도전합니다.
술을 마시더라도 정해진 양을 지키고, 짧은 시간에 많은 양을 마시는 음주는 피해주세요.

다음과 같은 상황이 발생할 정도의 음주는 폭음으로 간주합니다.
- 인사불성이 될 정도로 취한 경우
- 구토를 할 정도로 마신 경우
- 음주 후 기억이 끊기거나 기억이 나지 않는 경우
- 술자리 후 정상적인 판단이나 행동이 어려운 경우",30,,,EASY,"짧은 시간에 많은 양의 술을 마시는 폭음은 급성 알코올중독, 사고, 부상의 위험을 높일 수 있습니다.",-,true
COMMON,COMMON,HABIT,24시간 금연 챌린지,24시간 동안 담배를 피우지 않는 금연에 도전합니다.,1,,,EASY,"금연 초기에는 흡연 욕구, 집중력 저하, 불안감, 짜증, 졸림 등이 나타날 수 있습니다.
이는 금연 과정에서 흔히 나타나는 일시적인 증상입니다.
흡연 욕구가 생기면 물을 마시거나 심호흡을 해보세요.","니코틴 의존도가 높거나 금연 치료 중인 경우 의료진과 상담 후 진행해주세요.
금연 중 불안, 우울, 불면 등의 증상이 심해지는 경우 전문가의 도움을 받으세요.",true
COMMON,COMMON,HABIT,3일 금연 챌린지,3일 동안 담배를 피우지 않는 금연에 도전합니다.,3,,,EASY,"금연 초기에는 흡연 욕구, 집중력 저하, 불안감, 짜증, 졸림 등이 나타날 수 있습니다.
이는 금연 과정에서 흔히 나타나는 일시적인 증상입니다.
흡연 욕구가 생기면 물을 마시거나 심호흡을 해보세요.","니코틴 의존도가 높거나 금연 치료 중인 경우 의료진과 상담 후 진행해주세요.
금연 중 불안, 우울, 불면 등의 증상이 심해지는 경우 전문가의 도움을 받으세요.",true
COMMON,COMMON,HABIT,7일 금연 챌린지,7일 동안 담배를 피우지 않는 금연에 도전합니다.,7,,,MEDIUM,"금연 초기에는 흡연 욕구, 집중력 저하, 불안감, 짜증, 졸림 등이 나타날 수 있습니다.
이는 금연 과정에서 흔히 나타나는 일시적인 증상입니다.
흡연 욕구가 생기면 물을 마시거나 심호흡을 해보세요.","니코틴 의존도가 높거나 금연 치료 중인 경우 의료진과 상담 후 진행해주세요.
금연 중 불안, 우울, 불면 등의 증상이 심해지는 경우 전문가의 도움을 받으세요.",true
COMMON,COMMON,HABIT,1개월 금연 챌린지,1달 동안 담배를 피우지 않는 금연에 도전합니다.,30,,,MEDIUM,"금연 초기에는 흡연 욕구, 집중력 저하, 불안감, 짜증, 졸림 등이 나타날 수 있습니다.
이는 금연 과정에서 흔히 나타나는 일시적인 증상입니다.
흡연 욕구가 생기면 물을 마시거나 심호흡을 해보세요.","니코틴 의존도가 높거나 금연 치료 중인 경우 의료진과 상담 후 진행해주세요.
금연 중 불안, 우울, 불면 등의 증상이 심해지는 경우 전문가의 도움을 받으세요.",true
COMMON,COMMON,HABIT,연속 금연 챌린지,금연에 도전합니다.,999,,,HARD,"금연 초기에는 흡연 욕구, 집중력 저하, 불안감, 짜증, 졸림 등이 나타날 수 있습니다.
이는 금연 과정에서 흔히 나타나는 일시적인 증상입니다.
흡연 욕구가 생기면 물을 마시거나 심호흡을 하며 잠시 기다려보세요.","니코틴 의존도가 높거나 금연 치료 중인 경우 의료진과 상담 후 진행해주세요.
금연 중 불안, 우울, 불면 등의 증상이 심해지는 경우 전문가의 도움을 받으세요.",true
COMMON,COMMON,WEIGHT,"주 1회, 허리둘레 측정 챌린지","주 1회, 정해진 요일과 시간에 허리둘레를 측정합니다.
매주 같은 조건에서 측정하면 변화를 더 정확하게 확인할 수 있습니다.

측정 방법
 - 숨을 편하게 내쉰 상태에서 측정합니다.
 - 배꼽 높이에서 측정해 주세요.
 - 줄자를 수평으로 유지합니다
 - 항상 같은 위치에서 측정합니다.",30,,,EASY,"식사 직후나 운동 직후 측정은 피해주세요.
두꺼운 옷 위가 아닌 맨몸 또는 얇은 옷 위에서 측정해주세요.",-,true
COMMON,COMMON,WEIGHT,"주 2회, 체중 측정 챌린지","주 2회, 정해진 요일과 시간에 체중을 측정합니다.
가능하면 같은 조건에서 측정하여 체중 변화를 꾸준히 확인해보세요.

측정 방법
- 가능한 아침 공복 상태에서 측정합니다. _x000B_   (기상 후 화장실을 다녀온 뒤, 식사 전 같은 복장으로 측정하는 것을 권장합니다.)
- 비슷한 옷차림 상태를 유지합니다
- 같은 체중계 사용을 추천합니다.
- 매일 여러 번 측정하기 보다는 일정한 조건을 유지하며 측정합니다.",30,,,EASY,"식사 직후나 운동 직후 측정은 피해주세요.
체중은 수분 섭취량이나 컨디션에 따라 일시적으로 변할 수 있으므로 장기적인 변화를 확인하는 것이 중요합니다.",-,true
COMMON,COMMON,HABIT,"하루 한 번, 스트레스 체크 챌린지","하루를 마무리하며 오늘의 스트레스 정도를 1점(매우 낮음)부터 10점(매우 높음) 사이로 기록합니다.
매일 같은 시간에 기록하면 스트레스 변화를 더 쉽게 확인할 수 있습니다.

오늘 당신의 스트레스 점수는 몇 점인가요?
- 0점: 젼허 없음 (매우 편안하고 안정된 상태)
- 1~3점: 경도 (약간의 신경 쓰임이나 지루함이 있으나 일상에 지장 없음) - 4~6점: 중등도 (피로감이나 짜증이 나고, 신경이 다소 날카로워진 상태)
- 7~9점: 고도 (두통, 담답함 등 신체 증상이 동반되거나 집중이 어려운 상태)
- 10점: 극심함 (당장 휴식이 필요하거나 견디기 힘들 정도로 폭발하기 직전인 상태)",7,,,EASY,"정답은 없습니다.
그날의 기분과 스트레스를 솔직하게 기록해주세요.
점수 자체보다 스트레스 변화 추이를 확인하는 것이 중요합니다.",-,true
COMMON,COMMON,HABIT,스트레스 일지 작성 챌린지,"스트레스를 받은 상황에서 자신의 생각, 감정, 신체 반응을 기록합니다.
최소 하루 1회 기록하며, 필요 시 추가로 자유롭게 기록할 수 있습니다.

기록 내용
    - 언제 스트레스를 느꼈는지
    - 어떤 상황이었는지
    - 당시 감정(불안, 짜증, 우울 등)
    - 몸의 반응(두통, 피로, 심장 두근거림 등)
    - 어떻게 대처했는지
    - 이후 기분이나 혈당 변화

예제 https://www.notion.so/36ecaf5650aa80aea9b8d8ed7d4ed692?source=copy_link",7,,,MEDIUM,"기록을 잘 쓰는 것보다 솔직하게 작성하는 것이 중요합니다.
부정적인 감정을 판단하거나 억누르기보다 있는 그대로 적어보세요.",-,true
COMMON,COMMON,HABIT,"하루 10분, 걷기 챌린지",하루 10분 편안한 속도로 걷습니다.,7,,,EASY,"출·퇴근 시간 제외, 스마트폰은 내려두고 걷기에만 집중 해주세요!",-,true
COMMON,COMMON,HABIT,"하루 10분, 하늘/나무 바라보기 챌린지","10분간 하늘이나 나무를 바라보며 편안하게 휴식합니다.
주변 풍경에 집중하며 잠시 생각을 내려놓고 쉬어보세요.",7,,,EASY,"걷거나 운전 중에는 진행하지 마세요.
벤치, 의자 등 안전한 장소에 앉거나 서서 진행해주세요.
어지러움이나 불편감이 느껴지면 중단하고 휴식하세요.",-,true
COMMON,COMMON,HABIT,식사 시간 30분 디지털 OFF 챌린지,"식사 중에는 30분 동안 휴대전화, TV, 태블릿, 컴퓨터 등 디지털 기기 사용을 하지 않습니다.
음식의 맛과 식감에 집중하며 천천히 식사해보세요.
TV, 영상 시청, SNS, 뉴스 보기 없이 식사하면 포만감을 더 잘 느끼고 과식을 줄이는 데 도움이 될 수 있습니다.",7,,,EASY,"업무나 긴급 연락 등 반드시 필요한 경우에는 기기 사용이 가능합니다.
식사 속도를 늦추고 음식에 집중하는 것을 목표로 해보세요.",-,true
COMMON,COMMON,HABIT,"취침 전, 1시간 디지털 OFF 챌린지","취침 전 1시간 동안 디지털 기기 사용을 하지 않습니다.
수면을 위한 편안한 환경을 만들어보세요.
취침 전 밝은 화면 노출을 줄이면 수면 준비에 도움이 될 수 있습니다.",7,,,MEDIUM,"잠깐! 알람 설정과 핸드폰 충전을 잊지 마세요!
업무나 긴급 연락 등 반드시 필요한 경우에는 기기 사용이 가능합니다.
기기를 사용해야 하는 경우 화면 밝기를 낮추고 사용 시간을 최소화해주세요.",-,true
COMMON,COMMON,HABIT,"주말 아침, 3시간 디지털 디톡스 챌린지","주말 아침 3시간 동안 디지털 기기 사용을 하지 않습니다.
기기 대신 나만의 여유로운 아침 시간을 만들어보세요.
디지털 기기 없이 보내는 시간이 늘어날수록 집중력과 휴식에 도움이 될 수 있습니다.",30,,,HARD,"업무나 긴급 연락 등 반드시 필요한 경우에는 기기 사용이 가능합니다.
디지털 기기 사용을 줄이고 아침 시간을 의미 있게 보내는 것을 목표로 해보세요.",-,true
COMMON,COMMON,HABIT,"하루 3번, 4-7-8 호흡 챌린지","하루 3번, 4-7-8 호흡법을 수행합니다.

4-7-8 호흡법
 - 4초간 코로 숨 들이마시기
 - 7초간 숨 참기
 - 8초간 입으로 길게 내쉬기",7,,,EASY,"처음부터 무리하게 시간을 맞추기보다 자신의 호흡에 맞춰 천천히 적응해주세요.
어지러움이 느껴질 경우 호흡 횟수를 줄이거나 잠시 휴식하세요.
호흡하는 동안 어깨에 힘이 들어가지 않도록 주의하고, 복부가 자연스럽게 움직이도록 호흡해주세요.
어지러움, 흉통, 두통, 심한 불편감이 발생하면 즉시 중단하고 휴식하세요.",심한 호흡기·심혈관계 질환이 있는 경우 의료진과 상담 후 진행하세요.,true
COMMON,COMMON,HABIT,"하루 5번, 목 & 어깨 스트레칭 챌린지","5분, 앉은 자리에서 가볍게 스트레칭을 따라합니다.

1단계: 거북목 탈출 (목 앞쪽 이완) | 0:00~1:00 (60초)

양손을 포개어 쇄골(가슴 윗부분)을 가볍게 아래로 눌러줍니다.
그 상태에서 턱을 천장 방향으로 길게 들어 올립니다.
목 앞쪽 근육이 늘어나는 것을 느끼며 10초간 유지합니다.
총 3회 반복합니다.

2단계: 승모근 풀기 (목 옆쪽 이완) | 1:00~2:00 (60초)

허리를 곧게 펴고 오른손으로 왼쪽 귀 윗부분을 감싸 쥡니다.
숨을 내쉬며 고개를 오른쪽 어깨 방향으로 천천히 당겨줍니다.
이때 왼쪽 어깨가 따라 올라가지 않도록 아래로 내려주세요.
좌우 각각 15초씩 2회 반복합니다.

3단계: 날개뼈 쥐어짜기 (W 스트레칭) | 2:00~3:00 (60초)

양팔을 머리 위로 뻗었다가, 숨을 내쉬며 팔꿈치를 옆구리 방향으로 끌어내려 알파벳 'W' 모양을 만듭니다.
양쪽 날개뼈(견갑골)가 등 뒤에서 서로 가까워진다는 느낌으로 등을 조여주세요.
조인 상태를 5초간 유지하며 총 5회 반복합니다.

4단계: 어깨 관절 풀기 (앞뒤 회전) | 3:00~4:00 (60초)

양손을 각 어깨 위에 가볍게 올립니다.
팔꿈치로 공중에 큰 원을 그린다는 느낌으로 앞으로 10회, 뒤로 10회 천천히 돌려줍니다.

5단계: 등 뒤 기지개 (흉추 확장 및 마무리) | 4:00~5:00 (60초)

등 뒤에서 양손을 깍지 낍니다.
가슴을 앞으로 활짝 열면서 깍지 낀 손을 뒤쪽 아래 방향으로 길게 뻗어줍니다.
고개를 살짝 들어 정면 또는 천장을 바라봅니다.
이 자세에서 깊은 호흡을 5회 하며 온몸의 긴장을 풀어주세요.",7,,,EASY,"바퀴가 없고 흔들리지 않는 안정적인 의자를 사용해주세요.
각 동작은 무리하지 않고 통증이 없는 범위까지만 늘려줍니다.",-,true
COMMON,COMMON,HABIT,"1시간마다, '엉덩이 떼기' 챌린지","1시간마다 자리에서 일어나 1~3분 동안 몸을 움직입니다.
오래 앉아 있는 시간을 줄여보세요.",7,,,EASY,"어지러움이 있다면 천천히 일어나 주세요.
무리한 운동보다는 가볍게 걷거나 스트레칭하는 것을 권장합니다.
통증이 발생하면 즉시 중단하세요.
알람이나 타이머를 설정해두면 실천에 도움이 됩니다.",-,true
COMMON,COMMON,HABIT,움직이면서 통화하기 챌린지,"통화할 때는 일어서거나 가볍게 걸으며 통화해보세요.
앉아 있는 시간을 줄이는 습관을 만들어봅니다.",7,,,MEDIUM,"계단, 횡단보도, 차량이 다니는 곳에서는 통화에 집중하지 말고 안전을 우선해주세요.
주변에 걸려 넘어질 수 있는 장애물이 없는지 확인해주세요.
어지럽거나 균형 유지가 어려운 경우에는 무리하지 마세요.",-,true
COMMON,COMMON,SLEEP,"2주, 수면 일지 작성 챌린지","취침 1시간 전, 기상 후 30분 이내 다음 항목을 작성해 보세요.
취침 전
    - 침대에 누운 시간 (예: 밤 11시 00분)
    - 잠들려고 노력한 시간 (예: 20분)
    - 밤중에 깬 횟수 및 시간 (예: 2회, 총 15분)
    - 최종 기상 시간 (예: 오전 7:00분)
    - 주관적 수만 만족도 (1-5점) (1점: 매우 피곤함, 5점: 매우 개운함)
기상 후
    - 카페인 섭취량 (예: 커피 2잔)
    - 낮잠 여부 및 시간 (예: 없음 또는 30분)
    - 식사/야식 시간: (예: 취침 3시간 전 식사 완료)
    - 음주/약물 여부 (예: 유/무)",14,,,EASY,정확하게 기록하는 것보다 빠뜨리지 않고 기록하는 것이 더 중요합니다.,-,true
COMMON,COMMON,SLEEP,수면 전 샤워 챌린지,"취침 1~1시간 30분 전에 약 40℃의 따뜻한 물로 10~15분간 샤워하거나 목욕합니다.
몸을 편안하게 이완시키며 숙면을 준비해보세요.",7,,,EASY,"물 온도는 너무 뜨겁지 않은 약 40℃ 정도를 권장합니다.
어지러움이 있거나 몸 상태가 좋지 않을 때는 무리하지 마세요.","음주 직후에는 목욕이나 반신욕을 하지 마세요.
고열이 있거나 급성 질환이 있는 경우에는 피해주세요.
심혈관질환이 있거나 의료진의 제한을 받고 있는 경우 의료진과 상담 후 진행해주세요.",true
COMMON,COMMON,SLEEP,7시간 수면 챌린지,"하루 7시간 이상 충분히 수면을 취합니다.
규칙적인 취침·기상 시간을 유지하며 숙면을 위한 환경을 만들어보세요.",7,,,EASY,"주말에도 평일과 비슷한 시간에 자고 일어나면 수면 리듬 유지에 도움이 됩니다.
수면 시간뿐 아니라 수면의 질도 중요합니다.
취침 전 카페인 섭취, 음주, 과도한 디지털 기기 사용은 피하는 것이 좋습니다.
낮잠은 30분 이내로 제한하는 것을 권장합니다.","불면증, 수면무호흡증 등 수면 관련 질환으로 치료 중인 경우 의료진의 권고를 우선해주세요.",true
COMMON,COMMON,SLEEP,아침 햇살 채린지,"기상 후 30분 이내에 창가 또는 야외에서 최소 10분간 햇볕을 쬡니다.
아침 햇빛은 생체리듬을 조절하고 규칙적인 수면 습관 형성에 도움이 될 수 있습니다.",7,,,EASY,"햇빛을 쬐는 동안에는 스마트폰 사용보다 주변 환경에 집중해보세요.
한낮의 강한 햇빛보다는 아침 시간대 햇빛을 권장합니다.
외출 시 기온과 날씨에 맞는 복장을 착용해주세요.",광과민성 질환이 있거나 햇빛 노출을 제한하도록 권고받은 경우 의료진의 지침을 우선해주세요.,true
COMMON,COMMON,SLEEP,취침 시간 지키기 챌린지,"원하는 취침 시간을 설정한 후, 매일 설정한 시간에 맞춰 잠자리에 들어보세요.
규칙적인 수면 습관은 건강한 하루를 만드는 데 도움이 될 수 있습니다.",14,,,MEDIUM,"주말에도 가능한 한 같은 시간에 기상하는 것을 권장합니다.
알람을 끄고 다시 잠드는 습관은 피해주세요.
수면 시간이 부족한 상태에서 무리하게 기상 시간을 앞당기지 마세요.","교대근무자, 야간근무자 또는 수면장애로 치료 중인 경우 개인 일정과 의료진의 권고를 우선해주세요.",true
COMMON,COMMON,SLEEP,기상 시간 지키기 챌린지,"원하는 기상 시간을 설정한 후, 매일 설정한 시간에 맞춰 일어나 보세요.
규칙적인 기상 습관은 하루의 컨디션과 수면 리듬 유지에 도움이 될 수 있습니다.",14,,,MEDIUM,"취침 시간 1시간 전부터는 카페인 섭취와 과도한 디지털 기기 사용을 줄여주세요.
설정한 시간에 잠이 오지 않더라도 침대에 누워 휴식을 취하며 수면을 준비해보세요.
주말에도 가능한 한 같은 시간에 취침하는 것을 권장합니다.
처음부터 큰 폭으로 취침 시간을 변경하기보다 15~30분씩 천천히 조정해보세요.
규칙적인 취침 시간은 수면의 질 향상에 도움이 될 수 있습니다.","교대근무자, 야간근무자 또는 수면장애로 치료 중인 경우 개인 일정과 의료진의 권고를 우선해주세요.",true
COMMON,COMMON,SLEEP,소나무 수면패턴 챌린지,"취침 시간과 기상 시간을 설정한 후, 매일 정해진 시간에 맞춰 잠들고 일어나 보세요.
일정한 수면 패턴은 수면의 질 향상과 생체리듬 유지에 도움이 될 수 있습니다.",14,,,HARD,"주말에도 가능한 한 같은 시간에 취침하고 기상하는 것을 권장합니다.
수면 시간이 부족한 상태에서 무리하게 취침 또는 기상 시간을 조정하지 마세요.
취침 전 카페인 섭취, 음주, 과도한 디지털 기기 사용은 피하는 것이 좋습니다.
처음부터 큰 폭으로 수면 시간을 바꾸기보다 15~30분씩 천천히 조정해보세요.
기상 후 햇빛을 쬐고, 취침 전에는 조명을 어둡게 하면 수면 패턴 유지에 도움이 될 수 있습니다.","교대근무자, 야간근무자 또는 수면장애로 치료 중인 경우 개인 일정과 의료진의 권고를 우선해주세요.",true
COMMON,COMMON,DIET,식사일지 작성 챌린지,"하루 동안 섭취한 식사와 간식을 기록합니다.

- 최소 기록 항목: 종류, 양, 식후 컨디션, 식사시간)
- 추가 기록 항목: 4대 영양소, 간식섭취여부(간식 섭취 여부, 먹은 시간(혹은 먹고 싶었던 시간), 먹고 싶었던 이유)
   식이섬유: 채소나 샐러드가 포함된 식사였나요?
   추가설탕: 소스, 음료수, 디저트 등 인공 단맛을 곁들이셨나요?
   기름기: 튀김이나 기름진 고기가 많았나요?
   소금끼: 국물을 많이 마셨거나 짠 음식 위주였나요?
- 식후 컨디션은 다음 척도를 활용합니다(노션 표 참조 https://www.notion.so/36fcaf5650aa80f488f1dbfbbb08f170?source=copy_link)",14,,,EASY,"정확하게 기록하는 것보다 빠뜨리지 않고 기록하는 것이 더 중요합니다.
먹은 음식을 평가하거나 제한하기보다 현재 식습관을 확인하는 목적으로 기록해주세요.",-,true
COMMON,COMMON,DIET,일정한 아침식사 챌린지,"아침 식사 시간을 설정한 후, 매일 정해진 시간에 맞춰 식사해보세요.
규칙적인 식사 시간은 건강한 생활 습관 형성에 도움이 될 수 있습니다.",14,,,EASY,"식사를 거르기보다 소량이라도 규칙적으로 섭취하는 것을 권장합니다.
기상 직후 식욕이 없더라도 물을 마신 후 가볍게 식사를 시작해보세요.",간헐적 단식이나 특수 식이요법을 시행 중인 경우 개인 계획과 의료진의 권고를 우선해주세요.,true
COMMON,COMMON,DIET,일정한 점심식사 챌린지,"점심 식사 시간을 설정한 후, 매일 정해진 시간에 맞춰 식사해보세요.
규칙적인 식사 시간은 건강한 생활 습관 형성에 도움이 될 수 있습니다.",14,,,EASY,식사를 거르기보다 소량이라도 규칙적으로 섭취하는 것을 권장합니다.,간헐적 단식이나 특수 식이요법을 시행 중인 경우 개인 계획과 의료진의 권고를 우선해주세요.,true
COMMON,COMMON,DIET,일정한 저녁식사 챌린지,"저녁 식사 시간을 설정한 후, 매일 정해진 시간에 맞춰 식사해보세요.
규칙적인 식사 시간은 건강한 생활 습관 형성에 도움이 될 수 있습니다.",14,,,EASY,식사를 거르기보다 소량이라도 규칙적으로 섭취하는 것을 권장합니다.,간헐적 단식이나 특수 식이요법을 시행 중인 경우 개인 계획과 의료진의 권고를 우선해주세요.,true
COMMON,COMMON,DIET,일정한 삼시세끼 챌린지,"아침, 점심, 저녁을 매일 비슷한 시간에 식사합니다.
식사 시간을 일정하게 유지하며 규칙적인 식습관을 만들어보세요.",14,,,HARD,"식사 시간을 지키기 위해 끼니를 거르지 않도록 주의해주세요.
근무, 학업 등으로 정확한 시간을 맞추기 어렵다면 비슷한 시간대에 식사하는 것을 목표로 해보세요.
당뇨병 등 질환이 있거나 약물을 복용 중인 경우 의료진의 식사 지침을 우선해주세요.",특수 식이요법을 시행 중인 경우 개인 계획과 의료진의 권고를 우선해주세요.,true
COMMON,COMMON,DIET,Goodbye 야식 챌린지,"밤 8시부터 다음 날 아침 식사 전까지 공복을 유지합니다.
물이나 무가당 차는 섭취할 수 있으며, 야식과 간식은 피해주세요.",7,,,MEDIUM,"충분한 수분을 섭취하며 진행해주세요.
과도한 허기, 어지러움, 식은땀, 두근거림 등이 나타나면 즉시 공복을 중단하고 적절한 음식을 섭취하세요.
공복 시간을 유지하기 위해 다음 날 아침 과식하지 않도록 주의해주세요.","당뇨병으로 혈당강하제 또는 인슐린을 사용 중인 경우 저혈당 위험이 있으므로 의료진과 상담 후 진행해주세요.
임신부, 수유부, 성장기 청소년은 권장하지 않습니다.
섭식장애가 있거나 치료 중인 경우 진행하지 마세요.",true
COMMON,COMMON,DIET,Goodbye 폭식 챌린지,"매 식사 후 15분이 지나면 현재 컨디션을 기록합니다.
아래 척도를 참고하여 가장 가까운 점수를 선택해주세요.

척도(노션 표 참조 https://www.notion.so/Goodbye-36fcaf5650aa80b6a26ed6d2f644949d?source=copy_link)",7,,,MEDIUM,"그 순간의 몸 상태를 솔직하게 기록해주세요.
한 번의 점수보다 변화 추이를 확인하는 것이 중요합니다.",-,true
COMMON,COMMON,DIET,Goodbye 간식 챌린지,"무의식적으로 먹던 간식 횟수를 0회로 줄입니다.
배가 고프지 않은 상태에서 습관처럼 먹는 간식은 피해주세요.",7,,,MEDIUM,"배고픔 때문에 간식을 참는 것이 아니라 습관적인 간식을 줄이는 것이 목표입니다.
과도한 공복감이 지속되면 과일, 견과류, 삶은 달걀 등 건강한 간식으로 대체할 수 있습니다.
간식을 참기 위해 다음 식사에서 과식하지 않도록 주의해주세요.","당뇨병 치료 중이거나 저혈당 위험이 있는 경우 간식 제한이 적절하지 않을 수 있으므로 개인 상태에 맞게 조절해주세요.
배고픔, 어지러움, 식은땀 등의 증상이 나타나면 챌린지를 중단하고 적절한 음식을 섭취하세요.",true
COMMON,COMMON,DIET,2020 식사 챌린지,"식사 시간을 20분 이상 유지해보세요. 음식을 오래 씹으면 포만감을 더 잘 느끼는 데 도움이 될 수 있습니다.
한 입마다 20회 이상 충분히 씹고 천천히 삼키는 습관을 실천합니다.",7,,,MEDIUM,"반드시 정확히 20회를 맞추기보다 평소보다 천천히 충분히 씹는 것을 목표로 해보세요.
식사 속도를 늦추기 위해 음식 사이에 수저를 잠시 내려놓는 것도 좋은 방법입니다.",턱관절 질환이나 치아 통증이 있는 경우 개인 상태에 맞게 씹는 횟수를 조절해주세요.,true
COMMON,COMMON,DIET,밥최고NO 채고밥YES 챌린지,"식사 시 채소류 → 단백질 식품 → 탄수화물 식품 순서로 섭취합니다. 식후 혈당의 급격한 상승을 줄이는 데 도움이 될 수 있습니다.

- 채소류(식이섬유): 채소, 해조류, 버섯류
- 단백질·지방: 고기, 생선, 두부, 달걀, 콩류
- 탄수화물: 밥, 빵, 면, 감자, 고구마 등

식사 순서를 지키며 천천히 식사해보세요. 외식 시에도 채소 반찬 → 메인 메뉴 → 밥 순서로 먹으면 실천하기 쉽습니다.",14,,,MEDIUM,"채소 섭취가 어려운 경우 해조류, 버섯류 등을 먼저 섭취해도 좋습니다.
식사 순서를 지키기 위해 식사량을 과도하게 늘리지 않도록 주의해주세요.","만성 신장질환 등으로 단백질 또는 특정 식품의 섭취 제한이 있는 경우 의료진의 식사 지침을 우선해주세요.
섭식장애가 있거나 치료 중인 경우 진행하지 마세요.",true
COMMON,COMMON,DIET,건강식탁 챌린지,"식사 시 식이섬유, 단백질, 탄수화물의 비율을 다음과 같이 설정해 보세요.
 - 식이섬유: 접시의 50% (양배추쌈, 브로콜리 데침, 파프리카, 시금치 나물 등)
 - 단백질: 접시의 30% (닭가슴살, 구운 생선, 두부 부침, 삶은 달걀)
 - 탄수화물: 접시의 20% (현미밥, 귀리밥, 통밀빵)",7,,,HARD,"개인의 건강 상태, 질환, 활동량에 따라 적절한 식사 비율은 달라질 수 있습니다.
신장질환, 간질환, 당뇨병 등으로 식이 조절이 필요한 경우 의료진 또는 영양사의 권고를 우선 따라주세요.
식사량을 과도하게 줄이기보다 균형 잡힌 식사를 실천하는 것을 목표로 합니다.","신장질환, 간질환 또는 특별한 식이요법이 필요한 경우 본 식사 비율이 적합하지 않을 수 있습니다. 개인의 건강 상태에 맞게 조절하거나 의료진과 상담 후 실천해주세요.",true
COMMON,COMMON,DIET,식이섬유 먹어유 챌린지,"하루 한 끼, 접시 또는 식탁의 절반을 채소로 채워 식사합니다.

채소, 쌈 채소, 나물, 버섯, 해조류 등을 충분히 곁들여 보세요.
한식이라면 상추·깻잎 쌈이나 나물 반찬 2가지 이상을 함께 섭취하고,
양식이라면 메인 요리와 함께 샐러드를 추가해보세요.

채소를 충분히 섭취하면 포만감을 높이고 식후 혈당 상승을 완화하는 데 도움이 될 수 있습니다.",7,,,MEDIUM,식이섬유는 조금씩 늘리고 충분한 물을 함께 마셔주세요. 갑자기 많이 섭취하면 복부팽만이나 불편감이 생길 수 있습니다.,"다음에 해당하는 경우 식이섬유 섭취량 조절이 필요할 수 있습니다.

• 장폐색, 장협착 등 소화기 질환이 있는 경우
• 크론병, 궤양성 대장염 등 염증성 장질환이 활동기인 경우
• 의료진으로부터 식이 제한을 권고받은 경우",true
COMMON,COMMON,DIET,추가설탕 안녕이당 챌린지,"3주 동안 단계적으로 첨가당과 안녕해보세요.

-1주차 : 액상과당 끊기

탄산음료, 믹스커피, 시럽이 들어간 커피, 과일주스 대신 물, 탄산수, 블랙커피, 무가당 차를 선택해보세요.
액상과당이 들어간 음료를 줄이는 것만으로도 혈당 관리에 도움이 될 수 있습니다.

-2주차 : 가공 간식 줄이기

과자, 빵, 초콜릿, 떡 등 정제 탄수화물 위주의 간식 대신 과일, 견과류, 삶은 달걀, 플레인 요거트 등 건강한 간식을 선택해보세요.

-3주차 : 당류 함량 확인하기

외식, 배달음식, 가공식품을 선택할 때 영양성분표의 '당류' 함량을 확인해보세요.
양념치킨 소스, 떡볶이 양념, 시판 드레싱 등에는 생각보다 많은 양의 당이 포함될 수 있습니다.
가능하면 양념이 적은 식품을 선택하고, 요리 시 설탕 대신 알룰로스나 스테비아 등을 활용해보세요.

💡 당류 함량 기준 (제품 100g 또는 100mL 기준)

안전
- 당류 5g 미만 (음료는 2.5g 미만)
→ 비교적 당 함량이 낮은 식품입니다.

주의
- 당류 5g 이상 ~ 15g 미만
→ 섭취량을 조절하며 드세요.

위험
- 당류 15g 이상 (음료는 7.5g 이상)
→ 당 함량이 높은 편입니다.

가능하면 섭취 빈도와 양을 줄이거나 대체 식품을 선택해보세요.",21,,,HARD,"대체감미료도 과다 섭취는 권장하지 않으며, 단맛에 대한 의존도를 줄이는 것을 목표로 합니다.","첨가당과 가공식품 섭취를 줄이는 것이 목적이며, 식사량을 과도하게 제한하거나 끼니를 거르는 것은 권장하지 않습니다.
당뇨병 치료 중이거나 혈당강하제·인슐린을 사용하는 경우 저혈당 위험이 있을 수 있으므로 개인 상태에 맞게 조절해주세요.
과일, 채소, 우유 등 자연 식품에 포함된 당류까지 지나치게 제한할 필요는 없습니다.
개인의 건강 상태에 따라 의료진의 권고를 우선 따라주세요.",true
COMMON,COMMON,DIET,기름기 쫙빼기 챌린지,"3주 동안 단계적으로 포화지방과 트랜스지방 섭취를 줄여보세요.

1주차 : 튀김과 가공 간식 줄이기

치킨, 감자튀김, 도넛, 페이스트리, 전자레인지 팝콘 등 튀기거나 가공된 간식 대신 구운 요리나 자연식품을 선택해보세요.
트랜스지방과 포화지방 섭취를 줄이는 첫걸음입니다.

2주차 : 조리법 바꾸기

튀기기, 볶기 대신 찌기, 삶기, 굽기, 에어프라이어 조리를 선택해보세요.

예시
- 계란프라이 → 삶은 달걀
- 제육볶음 → 수육 또는 보쌈
- 튀긴 생선 → 구운 생선

조리법만 바꿔도 불필요한 지방 섭취를 크게 줄일 수 있습니다.

3주차 : 살코기와 불포화지방 선택하기

삼겹살, 갈비, 마블링이 많은 소고기 대신 안심, 사태, 닭가슴살 등 살코기를 선택해보세요.
고기의 비계와 닭 껍질은 가능한 한 제거하고 섭취합니다.

주 2회 이상은 등푸른생선, 두부, 콩류 등 불포화지방이 풍부한 식품으로 대체해보세요.

💡 좋은 지방 선택하기

추천
- 고등어, 꽁치, 삼치
- 두부, 콩류
- 견과류
- 올리브유, 들기름, 카놀라유

줄이기
- 튀김류
- 도넛, 페이스트리
- 가공육(소시지, 베이컨, 햄)
- 삼겹살, 갈비, 차돌박이 등 지방이 많은 육류

포화지방과 트랜스지방 섭취를 줄이면 심혈관질환 예방과 체중 관리에 도움이 됩니다.",21,,,HARD,"포화지방과 트랜스지방 섭취를 줄이는 것이 목적이며, 모든 지방을 제한하는 것은 아닙니다.
견과류, 생선, 올리브유 등에 포함된 불포화지방은 건강에 도움이 될 수 있습니다.
식사량을 과도하게 줄이기보다 건강한 식재료와 조리법을 선택하는 것을 목표로 해주세요.
개인의 건강 상태에 따라 의료진 또는 영양사의 권고를 우선 따라주세요.",개인의 건강 상태에 따라 의료진의 권고를 우선 따라주세요.,true
COMMON,COMMON,DIET,염분 빼볼까염 챌린지,"3주 동안 단계적으로 나트륨 섭취를 줄여보세요.

1주차 : 국물 남기기

라면, 김치찌개, 국밥 등을 먹을 때는 건더기 위주로 식사하고 국물은 가능한 한 남겨보세요.
국물에는 많은 양의 나트륨이 포함되어 있어 국물 섭취를 줄이는 것만으로도 나트륨 섭취량 감소에 도움이 됩니다.

2주차 : 소스는 찍어서 먹기

샐러드드레싱, 돈가스 소스, 탕수육 소스 등은 음식에 모두 붓기보다 따로 덜어 조금씩 찍어 먹어보세요.
소스 사용량을 줄이면 나트륨과 당류 섭취를 함께 줄일 수 있습니다.

3주차 : 가공육 줄이기

햄, 소시지, 어묵, 베이컨 등 가공육 섭취를 줄이고 신선한 육류, 생선, 두부 등을 선택해보세요.
가공육을 섭취할 경우 뜨거운 물에 한 번 데친 후 조리하면 일부 나트륨을 줄이는 데 도움이 될 수 있습니다.

나트륨 섭취를 줄이면 혈압 관리에 도움이 될 수 있습니다.
또한 부종(몸 붓기)을 줄이고 심혈관 건강을 유지하는 데 도움이 됩니다.",21,,,HARD,"저염 식습관은 혈압 관리에 도움이 되지만, 개인의 건강 상태에 따라 적절한 섭취량은 달라질 수 있습니다.
식사를 거르거나 과도하게 제한하기보다 싱겁게 먹는 습관을 만드는 것을 목표로 합니다.","만성 신장질환, 심부전 등으로 식이 조절이 필요한 경우 의료진의 권고를 우선 따라주세요.",true
COMMON,COMMON,DIET,탄수화물 체인지 챌린지,"정제 탄수화물 대신 비정제 탄수화물 섭취를 늘려보세요.

- 흰쌀밥 대신 잡곡밥, 현미밥, 귀리밥을 선택해보세요.
- 밀가루 소면이나 일반 파스타 대신 통밀면, 두부면, 곤약면을 선택해보세요.
- 국수, 우동 등 정제 곡물 위주의 면 요리는 섭취 횟수를 줄여보세요.
- 빵, 떡, 과자, 도넛, 케이크, 피자 등 가공된 밀가루·쌀가루 식품 대신 건강한 간식을 선택해보세요.

착한 간식 예시
- 견과류 한 줌
- 삶은 달걀
- 플레인 요거트
- 방울토마토
- 오이, 당근 스틱
- 두유(무가당)
- 사과, 배 등 신선한 과일

비정제 탄수화물은 식이섬유가 풍부하여 포만감을 높이고 식후 혈당 상승을 완만하게 하는 데 도움이 될 수 있습니다.
또한 장 건강과 체중 관리, 심혈관 건강 유지에도 도움이 될 수 있습니다.",7,,,MEDIUM,"정제탄수화물을 줄이는 것이 목적이며, 탄수화물을 완전히 제한하는 것은 아닙니다.
잡곡, 통곡물, 채소, 과일 등 건강한 탄수화물은 균형 있게 섭취해주세요.
당뇨병 치료 중이거나 혈당강하제·인슐린을 사용하는 경우 식사량을 과도하게 줄이면 저혈당이 발생할 수 있으므로 개인 상태에 맞게 조절해주세요.","당뇨병 치료 중이거나 임신·수유 중인 경우, 성장기 청소년의 경우 탄수화물을 과도하게 제한하지 마세요. 개인의 건강 상태에 따라 의료진의 권고를 우선 따라주세요.",true
COMMON,COMMON,HABIT,식후 10분 걷기 챌린지,"식사 후 10분간 걷습니다.
편안한 속도로 꾸준히 걸으며 몸을 움직여보세요._x000B_식사 후 가볍게 걷는 습관은 소화와 식후 혈당 관리에 도움이 될 수 있습니다.
엘리베이터 대신 계단을 이용하거나 가까운 곳을 산책해보세요.",7,,,EASY,"식사 직후 전력 질주하거나 고강도 운동은 피해주세요.
어지러움이나 불편감이 있으면 속도를 줄이거나 휴식하세요.",-,true
COMMON,COMMON,HABIT,식후 152 스쿼트 챌린지,"식후 스쿼트 15회를 실시한 후 잠시 휴식하고, 같은 방법으로 1세트를 추가 진행합니다.
총 2세트 진행합니다.
의자에 앉듯이 엉덩이를 뒤로 빼며 천천히 내려갔다가 다시 일어섭니다.
식후 가벼운 운동은 식후 혈당 상승을 완화하는 데 도움이 될 수 있습니다.",7,,,EASY,"식사 직후보다는 식후 10~30분 사이에 진행하는 것을 권장합니다.
무릎이 발끝보다 과도하게 앞으로 나가지 않도록 주의해주세요.
허리가 둥글게 말리지 않도록 가슴을 펴고 진행해주세요.
빠르게 하기 보다 정확한 자세로 천천히 수행하는 것이 중요합니다.","심한 무릎관절염, 고관절 질환, 급성 허리 통증이 있는 경우에는 진행하지 마세요.
수술 후 회복 중이거나 운동 제한을 받은 경우 의료진과 상담 후 진행해주세요.",true
COMMON,COMMON,HABIT,하루 커피 2잔 챌린지,"하루 카페인 섭취량을 400mg 이하로 줄여봅니다.
카페인은 섭취 후 수 시간 동안 몸에 남아 수면에 영향을 줄 수 있스빈다. 음료를 선택할 때 카페인 함량을 확인하고, 필요 시 디카페인이나 보리차, 루이보스차, 허브차 등으로 대체해보세요.",7,,,EASY,"카페인 함량
- 전문점 아메리카노 (기본 2샷): 매장마다 다르지만 한 잔(2샷 기준)에 대략 150mg ~ 200mg이 들어있습니다.
- 캔커피 / 믹스커피: 1캔이나 1봉지당 약 50mg ~ 70mg이 들어있습니다.
- 에너지 드링크: 1캔에 약 60mg ~ 100mg 내외가 들어있습니다.
- 콜라 / 녹차: 한 캔, 한 잔당 약 20mg ~ 30mg이 들어있습니다.","평소 카페인을 많이 섭취하던 경우 갑자기 중단하면 두통, 피로감, 졸림 등이 나타날 수 있습니다.
카페인 섭취량은 개인차가 있으므로 자신의 상태에 맞게 조절해주세요.
복용 중인 약물이나 건강 상태에 따라 카페인 제한이 필요할 수 있습니다.",true
COMMON,COMMON,HABIT,2시 이후 커피 잠금 챌린지,"오후 2시 이후에는 카페인 음료 섭취를 자제합니다.
수면을 위해 무카페인 음료를 선택해보세요.",7,,,EASY,-,-,true
SPECIAL,GENERAL,DIET,철분 반찬 추가 챌린지,"하루 한 끼, 철분이 풍부한 식품을 반찬으로 추가해보세요.

예시
- 살코기, 소고기
- 조개류(바지락, 굴 등)
- 달걀
- 콩류, 두부
- 시금치, 깻잎 등 녹색 채소

철분은 적혈구 생성에 필요한 영양소입니다.
철분이 부족하면 빈혈, 피로감, 집중력 저하가 나타날 수 있습니다.",7,,,EASY,"철분 식품만 늘리기보다 채소, 단백질과 함께 균형 있게 섭취해주세요.
철분 식품 섭취 후 소화불량이나 복부 불편감이 발생하면 섭취량을 조절하세요.","혈색소침착증, 철 과다증 등 철분 제한이 필요한 질환이 있는 경우 의료진과 상담 후 진행하세요.
만성 신장질환 등으로 식이 제한이 있는 경우 의료진의 식사 지침을 우선해주세요.",true
SPECIAL,GENERAL,DIET,비타민C 함께 먹기 챌린지,"하루 한 번, 철분이 포함된 식사와 함께 비타민 C 식품을 섭취해보세요.

예시
- 귤
- 오렌지
- 딸기
- 키위
- 파프리카
- 브로콜리

비타민 C는 철분의 흡수를 돕습니다.
같은 양의 철분을 섭취해도 흡수율을 높이는 데 도움이 될 수 있습니다.",7,,,EASY,"과일주스보다는 신선한 과일이나 채소를 통해 비타민 C를 섭취하는 것을 권장합니다.
위가 예민한 경우 공복 섭취는 피해주세요.",신장결석 병력이 있거나 고용량 비타민 C 섭취를 제한해야 하는 경우 의료진과 상담 후 진행하세요.,true
SPECIAL,GENERAL,DIET,철분 흡수 방해 식품 줄이기 챌린지,"철분 식사 전후 1시간 동안 커피, 녹차, 홍차 섭취를 피합니다.

카페인 음료와 탄닌은 철분 흡수를 감소시킬 수 있습니다.",7,,,EASY,"철분이 포함된 식사 전후 1~2시간 동안 커피, 녹차, 홍차 섭취를 피해주세요.
갑작스럽게 카페인을 줄이면 두통이나 피로감을 느낄 수 있습니다.","저혈당이 발생한 경우에는 챌린지보다 저혈당 교정을 우선해주세요.
의료진의 지시에 따라 카페인 섭취를 조절하고 있는 경우 해당 지침을 우선해주세요.",true
COMMON,COMMON,MEDICATION,복약 누락 0회 챌린지,"아무리 좋은 약도 제때 먹지 않으면 아무런 소용이 없습니다. 챌린지와 함께 내 몸을 지키는 일일 퀘스트를 수행해 보세요.
처방받은 약을 등록해 주세요. 처방대로 복용 후 완료 버튼을 눌러주세요. 오늘 모든 약 복용 시 챌린지가 완료됩니다.

꾸준한 약물 복용은 질환을 안정적으로 관리하고 합병증 위험을 줄이는 데 도움이 됩니다.
정해진 시간에 규칙적으로 복용하면 약효를 일정하게 유지하는 데 도움이 될 수 있습니다.

 *OCR을 통한 등록도 가능합니다.
 *복용시간에 맞춰 알람이 필요한 경우 알람 설정을 ON 으로 바꿔주세요.",7,,,EASY,"처방된 약은 증상이 호전되더라도 끝까지 복용하는 것이 중요합니다.
약은 처방받은 용법과 용량에 따라 복용해주세요.
복용을 잊었다고 해서 임의로 두 배 용량을 복용하지 마세요.
복약 후 어지러움, 발진, 호흡곤란 등 이상 반응이 발생하면 즉시 의료진과 상담하세요.","의료진의 지시 없이 약물을 중단, 추가 복용 또는 용량 변경하지 마세요.",true
COMMON,COMMON,MEDICATION,영양제 누락 0회 챌린지,"복용하는 영양제를 등록해주세요.
등록된 시간에 맞춰 복용 후 완료 버튼을 눌러주세요.
오늘 모든 영양제 복용 시 챌린지가 완료됩니다.

규칙적인 복용 습관은 건강 관리 루틴을 만드는 데 도움이 됩니다.

 *복용시간에 맞춰 알람이 필요한 경우 알람 설정을 ON 으로 바꿔주세요.",7,,,EASY,"현재 복용 중인 약물이 있다면 영양제와의 상호작용 여부를 확인하세요.
영양제는 약물을 대체할 수 없습니다.
제품에 표시된 권장 섭취량을 초과하지 마세요.
 복용 중 속쓰림, 복통, 발진 등 이상 증상이 발생하면 섭취를 중단하고 전문가와 상담하세요.","의료진의 상담 없이 여러 영양제를 과도하게 중복 섭취하지 마세요.
임신·수유 중이거나 특정 질환으로 치료 중인 경우 전문가와 상담 후 섭취하세요.",true
COMMON,COMMON,HABIT,식후 23 양치 챌린지,"식후 꼼꼼한 양치는 충치와 잇몸질환 예방에 도움이 될 수 있습니다.
2-3분 동안, 식후 30분 이내 모든 치아면, 잇몸 경계부, 혀를 골고루 양치를 시행합니다.",7,,,MEDIUM,"단, 산성이 강한 음식 섭취 후에는 산에 의해 일시적으로 약해진 치아 표면을 바로 닦으면 마모가 발생할 수 있으므로 30분 정도 후에 양치를 권장합니다. (산성이 강한 음식: 오렌지, 레몬, 탄산음료, 스포츠음료, 식초가 많음 음식)",-,true
COMMON,COMMON,HABIT,취침 전 치실 챌린지,"매일 밤 잠들기 전 마지막 양치 후 치실을 사용해 치아 사이를 청소해보세요.

칫솔질만으로는 치아 사이에 남아 있는 음식물 찌꺼기와 치태(플라크)를 완전히 제거하기 어렵습니다.

치실을 사용해 칫솔이 닿기 어려운 부위까지 깨끗하게 관리해보세요.",7,,,EASY,"치아 사이 공간이 넓으면 치간칫솔을, 치아 사이 공간이 좁은 경우 치실 사용을 추천합니다.","치아 또는 잇몸 수술 직후이거나 치과 치료 중인 경우 치과의사의 지침을 우선해주세요.
심한 통증이나 지속적인 출혈이 있는 경우 사용을 중단하고 치과에 상담하세요.",true
COMMON,COMMON,HABIT,혀 클리너 사용 챌린지,"양치 후 혀 클리너를 사용해 혀 표면을 청소해보세요.
설태는 혀 표면에 쌓인 음식물 찌꺼기, 세균, 탈락된 세포 등이 섞여 형성됩니다.
양치질 마무리 단계에서 혀 클리너를 사용해 혀 안쪽부터 바깥쪽 방향으로 3~4회 부드럽게 쓸어내려 주세요.

혀 표면을 청결하게 관리하면 구취 감소에 도움이 될 수 있습니다.
또한 구강 내 세균과 설태를 줄여 보다 쾌적한 구강 환경을 유지하는 데 도움이 됩니다.",7,,,EASY,"혀를 너무 강하게 문지르지 마세요.
통증이 없는 범위에서 부드럽게 사용해주세요.
구역질이 심하게 유발되는 경우 혀 안쪽 깊숙한 부위까지 무리하게 닦지 마세요.
사용 후에는 혀 클리너를 깨끗하게 세척하고 건조하여 보관해주세요.","혀에 상처, 염증, 출혈 또는 심한 통증이 있는 경우 사용을 중단하고 의료진과 상담하세요.
구강 수술 또는 치과 시술 직후에는 의료진의 지침을 우선해주세요.",true
COMMON,COMMON,WATER,기상 직후 물 한 컵 챌린지,"기상 직후 미지근한 물 한 컵(300ml)를 마십니다.

일어나자마자 마시는 미지근한 물 한잔은 밤새 정체되어 있던 혈액을 맑게 깨우고, 위와 장을 자극해 독소를 배출하는 최고의 천연 해독제입니다.
커피나 아침밥을 먹기 전 무조건 물부터 한 잔 섭취해보세요.",7,,,EASY,-,"신장질환, 심부전, 저나트륨혈증 등으로 수분 제한이 필요한 경우 의료진과 상담 후 진행하세요.

짧은 시간에 과도한 양의 물을 마시지 마세요.",true
COMMON,COMMON,WATER,한 시간마다 한 모금 물 마시기 챌린지,"텀블러를 항상 책상 위에 두고, 1시간 간격으로 2~3모금씩 천천히 '홀짝홀짝' 마셔서 하루 총 1.5L~2L 달성해 보세요.
충분한 수분 섭취는 체온 조절, 혈액순환, 노폐물 배출 등 우리 몸의 정상적인 기능을 유지하는 데 도움을 줄 수 있습니다.",7,,,HARD,"한 번에 물을 벌컥벌컥 많이 마시면 세포로 흡수되지 못하고 신장에서 바로 소변으로 걸러져 나갑니다.
체내 흡수율을 극대화하기 위해 천천히 나눠서 마셔주세요.","심부전, 신장질환 등으로 수분제한이 필요한 경우 의료진과의 상담후 챌린지를 진행해 주세요.",true
SPECIAL,HYPERTENSION,EXERCISE,명상 호흡 챌린지,"의자에 편안하게 앉아 허리를 곧게 펴고 눈을 감아보세요.
코로 천천히 4초 동안 숨을 들이마신 뒤, 입으로 6초 동안 길게 내쉽니다.
이 호흡을 5~10회 반복해보세요.",7,,,EASY,"조용하고 편안한 환경에서 진행해주세요.
앉은 자세가 불편한 경우 누워서 진행해도 괜찮습니다.
진행 중 어지러움, 흉통, 두통 등의 증상이 나타나면 즉시 중단하고 충분히 휴식하세요.
저혈당이 의심되는 증상(어지러움, 식은땀, 손 떨림 등)이 나타나면 즉시 중단 후 당분을 섭취해주세요.",질환이 있거나 치료 중인 경우 의료진과 상담 후 개인의 건강 상태에 맞게 진행해주세요.,true
SPECIAL,HYPERTENSION,EXERCISE,굳지마 발목 챌린지,"의자에 편안하게 앉아 발목을 천천히 돌려주세요.
시계 방향으로 10회, 반시계 방향으로 10회 돌린 뒤 반대쪽 발도 같은 방법으로 진행합니다.
좌우 각각 2세트 반복해보세요.",7,,,EASY,"통증이 없는 범위에서 자신의 체력에 맞게 진행해주세요.
운동 중 어지러움, 흉통, 두통이 발생하면 즉시 중단하고 휴식하세요.
저혈당 증상(어지러움, 식은땀, 손 떨림 등)이 나타나면 즉시 중단하고 당분을 섭취해주세요.",질환이 있거나 치료 중인 경우 의료진과 상담 후 개인의 건강 상태에 맞게 진행해주세요.,true
SPECIAL,HYPERTENSION,EXERCISE,감각을 깨워 챌린지,"편안하게 앉아 손바닥을 펴주세요.
엄지손가락부터 새끼손가락까지 하나씩 천천히 구부렸다 펴고, 이번에는 새끼손가락부터 엄지손가락 순서로 같은 동작을 반복합니다.
양손 각각 2회씩, 총 2세트 진행해보세요.",7,,,EASY,"통증이 없는 범위에서 자신의 체력에 맞게 진행해주세요.
운동 중 어지러움, 흉통, 두통, 호흡곤란이 발생하면 즉시 중단하고 휴식하세요.
저혈당 증상(어지러움, 식은땀, 손 떨림 등)이 나타나면 즉시 중단하고 당분을 섭취해주세요.",질환이 있거나 치료 중인 경우 의료진과 상담 후 개인의 건강 상태에 맞게 진행해주세요.,true
SPECIAL,HYPERTENSION,EXERCISE,굳지마 어깨 챌린지,"편안하게 앉은 상태에서 어깨를 크게 원을 그리듯 앞으로 10회 돌립니다.
이후 반대 방향으로 뒤로 10회 돌립니다.
총 2세트 진행해보세요.",7,,,EASY,"통증이 없는 범위에서 자신의 체력에 맞게 진행해주세요.
운동 중 어지러움, 흉통, 두통, 호흡곤란이 발생하면 즉시 중단하고 휴식하세요.
저혈당 증상(어지러움, 식은땀, 손 떨림 등)이 나타나면 즉시 중단하고 당분을 섭취해주세요.",질환이 있거나 치료 중인 경우 의료진과 상담 후 개인의 건강 상태에 맞게 진행해주세요.,true
SPECIAL,HYPERTENSION,EXERCISE,굳지마 척추 챌린지,"의자에 허리를 곧게 펴고 앉습니다.
한 손으로 반대쪽 허벅지를 가볍게 잡은 뒤, 숨을 내쉬며 허리를 천천히 비틀어주세요.
약 2초간 자세를 유지한 후 숨을 들이쉬며 제자리로 돌아옵니다.
반대 방향도 같은 방법으로 진행합니다.
좌우 각각 10회씩, 총 2세트 반복해보세요.",7,,,EASY,"통증이 없는 범위에서 자신의 체력에 맞게 진행해주세요.
호흡 패턴에 유의하며 진행해 주세요.
운동 중 어지러움, 흉통, 두통, 호흡곤란이 발생하면 즉시 중단하고 휴식하세요.
저혈당 증상(어지러움, 식은땀, 손 떨림 등)이 나타나면 즉시 중단하고 당분을 섭취해주세요.",질환이 있거나 치료 중인 경우 의료진과 상담 후 개인의 건강 상태에 맞게 진행해주세요.,true
SPECIAL,HYPERTENSION,EXERCISE,자! 모두 주먹! 챌린지,"편안하게 앉은 상태에서 주먹을 가볍게 쥐어주세요.
악수할 때 정도의 힘으로 약 2분간 유지합니다.
이후 2분간 휴식한 뒤 다시 반복합니다.
2분 운동, 2분 휴식을 1세트로 하여 총 3세트 진행하고, 주 3회 이상 실천해보세요.",7,,,EASY,"과도하게 힘을 주거나 숨을 참지 마세요.
운동 중에는 자연스럽게 호흡을 유지해주세요.
숨을 참으면 혈압이 급격히 상승할 수 있습니다.
어지러움, 흉통, 두통이 발생하면 즉시 중단하고 휴식하세요.",질환이 있거나 치료 중인 경우 의료진과 상담 후 개인의 건강 상태에 맞게 진행해주세요.,true
SPECIAL,HYPERTENSION,EXERCISE,두 번째 심장 키우기 챌린지(앉아서),"의자에 허리를 곧게 펴고 앉습니다.
숨을 들이마시며 뒤꿈치를 천천히 들어 올리고, 숨을 내쉬며 천천히 내립니다.
15회 반복한 뒤 잠시 휴식하고, 총 3세트 진행합니다.
세트 사이에는 60~90초 정도 휴식해주세요.",7,,,EASY,"바퀴가 없고 흔들리지 않는 안정적인 의자를 사용해주세요.
호흡 패턴에 유의하며 진행해주세요.
발바닥 앞쪽과 뒤쪽에 체중이 한쪽으로 치우치지 않도록 균형 있게 힘을 실어주세요.
숨을 참으면 혈압이 급격히 상승할 수 있습니다.
운동 중 어지러움, 흉통, 두통이 발생하면 즉시 중단하고 휴식하세요.
저혈당 증상(어지러움, 식은땀, 손 떨림 등)이 나타나면 즉시 중단하고 당분을 섭취해주세요.",질환이 있거나 치료 중인 경우 의료진과 상담 후 개인의 건강 상태에 맞게 진행해주세요.,true
SPECIAL,HYPERTENSION,EXERCISE,혈당 밟아주기 챌린지(앉아서),"의자에 허리를 곧게 펴고 앉습니다.
한쪽 발을 가볍게 들어 올렸다가 내리고, 반대쪽 발도 같은 방법으로 번갈아 움직입니다.
식후 30분 이내에 10분간 진행해보세요.
혈당 관리에 도움이 될 수 있도록 식후 꾸준히 실천하는 것을 권장합니다.",7,,,EASY,"관절에 부담이 가지 않도록 천천히 발을 움직여주세요.
숨을 참으면 혈압이 급격히 상승할 수 있습니다.
운동 중 어지러움, 흉통, 두통이 발생하면 즉시 중단하고 휴식하세요.
저혈당 증상(어지러움, 식은땀, 손 떨림 등)이 나타나면 즉시 중단하고 당분을 섭취해주세요.",질환이 있거나 치료 중인 경우 의료진과 상담 후 개인의 건강 상태에 맞게 진행해주세요.,true
SPECIAL,HYPERTENSION,EXERCISE,혈당 밟아주기 챌린지(서서),"제자리에 편안하게 서서 무릎을 가볍게 들어 올립니다.
걷는 것처럼 양발을 번갈아 움직이며 10분간 진행해보세요.
식후 30분 이내에 실시하면 혈당 관리에 도움이 될 수 있습니다.
매 식후 꾸준히 실천하는 것을 권장합니다.",7,,,EASY,"관절에 부담이 가지 않도록 천천히 발을 움직여주세요.
발을 너무 높이 들거나 세게 내려놓지 않도록 주의해주세요.
운동 중 어지러움, 흉통, 두통이 발생하면 즉시 중단하고 휴식하세요.
저혈당 증상(어지러움, 식은땀, 손 떨림 등)이 나타나면 즉시 중단하고 당분을 섭취해주세요.",질환이 있거나 치료 중인 경우 의료진과 상담 후 개인의 건강 상태에 맞게 진행해주세요.,true
SPECIAL,HYPERTENSION,EXERCISE,혈당 싸이클로 밟아주기 챌린지,"실내 자전거에 앉아 천천히 페달을 밟아주세요.
코로 편안하게 호흡할 수 있을 정도의 가벼운 강도로 10분간 진행합니다.
식후 30분 이내에 실시하면 혈당 관리에 도움이 될 수 있습니다.
매 식후 꾸준히 실천하는 것을 권장합니다.",7,,,EASY,"안장은 페달이 가장 아래에 위치했을 때 무릎이 약간 굽혀지는 높이로 조절해주세요.
관절에 부담이 가지 않도록 천천히 발을 움직여주세요.
발을 너무 높이 들거나 세게 내려놓지 않도록 주의해주세요.
운동 중 어지러움, 흉통, 두통이 발생하면 즉시 중단하고 휴식하세요.
저혈당 증상(어지러움, 식은땀, 손 떨림 등)이 나타나면 즉시 중단하고 당분을 섭취해주세요.",질환이 있거나 치료 중인 경우 의료진과 상담 후 개인의 건강 상태에 맞게 진행해주세요.,true
SPECIAL,HYPERTENSION,EXERCISE,차분히 걷기 챌린지,"편안한 속도로 천천히 걸어보세요.
코로 편안하게 호흡할 수 있는 정도의 가벼운 강도를 유지하며 10분간 걷습니다.
처음 2~3분은 더 천천히 걸으며 몸을 서서히 풀어주세요.",7,,,EASY,"관절에 부담이 가지 않도록 천천히 발을 움직여주세요.
발을 너무 높이 들거나 세게 내려놓지 않도록 주의해주세요.
운동 중 어지러움, 흉통, 두통이 발생하면 즉시 중단하고 휴식하세요.
저혈당 증상(어지러움, 식은땀, 손 떨림 등)이 나타나면 즉시 중단하고 당분을 섭취해주세요.",질환이 있거나 치료 중인 경우 의료진과 상담 후 개인의 건강 상태에 맞게 진행해주세요.,true
SPECIAL,HYPERTENSION,EXERCISE,두 번째 심장 키우기 챌린지(서서),"바르게 선 자세에서 뒤꿈치를 천천히 들어 올립니다.
종아리에 힘이 들어가는 것을 느끼며 잠시 유지한 뒤, 뒤꿈치를 천천히 내려주세요.
15회 반복한 뒤 휴식하고, 총 3세트 진행합니다.
세트 사이에는 60~90초 정도 휴식해주세요.",7,,,NORMAL,"호흡 패턴에 유의하며 진행해주세요.
발바닥 앞쪽에 체중을 균형 있게 실어주세요.
균형 유지가 어렵다면 벽이나 의자를 가볍게 잡고 진행하세요.
힘을 줄 때는 반드시 숨을 내쉬고, 힘을 풀 때는 자연스럽게 숨을 들이마셔주세요.
숨을 참으면 혈압이 급격히 상승할 수 있습니다.
운동 중 어지러움, 흉통, 두통이 발생하면 즉시 중단하고 휴식하세요.
저혈당 증상(어지러움, 식은땀, 손 떨림 등)이 나타나면 즉시 중단 후 당분을 섭취하세요.",질환이 있거나 치료 중인 경우 의료진과 상담 후 개인의 건강 상태에 맞게 진행해주세요.,true
SPECIAL,HYPERTENSION,EXERCISE,심폐는 곧 체력 챌린지,"평지를 걸으며 빠르게 걷기 3분과 천천히 걷기 3분을 번갈아 진행합니다.
빠르게 걸을 때는 약간 숨이 차는 정도(옆 사람과 대화가 가능한 정도)의 속도를 유지하고, 천천히 걸을 때는 코로 편안하게 호흡할 수 있는 속도로 걸어주세요.
이를 3세트 반복하여 총 18분간 진행합니다.",7,,,NORMAL,"발이 편안한 운동화를 착용하고 진행해주세요.
운동 중 어지러움, 흉통, 두통, 호흡곤란 등 이상 증상이 발생하면 즉시 중단하고 휴식하세요.
저혈당 증상(어지러움, 식은땀, 손 떨림 등)이 나타나면 즉시 중단 후 당분을 섭취하세요.",질환이 있거나 치료 중인 경우 의료진과 상담 후 개인의 건강 상태에 맞게 진행해주세요.,true
SPECIAL,HYPERTENSION,EXERCISE,벽 짚고 푸쉬업 챌린지,"벽을 마주 보고 한 걸음 반 정도 떨어져 섭니다.
양손을 어깨너비보다 약간 넓게 벌려 벽을 짚고, 아랫배와 엉덩이에 단단히 힘을 주어 머리부터 발끝까지 일직선을 유지합니다.
숨을 들이마시며 팔꿈치를 천천히 구부려 몸을 벽 쪽으로 가까이 가져갑니다.
숨을 내쉬며 벽을 밀어 처음 자세로 돌아옵니다.
12회씩 3세트 진행하고, 세트 사이에는 60~90초 휴식해주세요.",7,,,NORMAL,"허리가 꺾이거나 엉덩이가 들리지 않도록 머리부터 발끝까지 일직선을 유지해주세요.
힘을 주어 몸을 밀어낼 때는 반드시 숨을 내쉬세요.
숨을 참으면 혈압이 급격히 상승할 수 있습니다.
운동 중 어지러움, 흉통, 두통이 발생하면 즉시 중단하고 휴식하세요.
저혈당 증상(어지러움, 식은땀, 손 떨림 등)이 나타나면 즉시 중단 후 당분을 섭취하세요.",질환이 있거나 치료 중인 경우 의료진과 상담 후 개인의 건강 상태에 맞게 진행해주세요.,true
SPECIAL,HYPERTENSION,EXERCISE,홀로 서기 챌린지,"벽이나 의자 옆에 서서 필요할 때 잡을 수 있도록 준비합니다.
한쪽 발을 들어 올리고 5초간 균형을 유지한 뒤 반대쪽도 같은 방법으로 진행합니다.
좌우 각각 5회씩, 총 2세트 진행해보세요.
익숙해지면 벽이나 의자의 도움 없이 도전해보세요.",7,,,NORMAL,"균형 유지가 어렵다면 의자나 벽을 가볍게 잡고 안전하게 진행해주세요. 어지러움, 흉통, 두통이 발생하면 즉시 중단하고 휴식을 취하세요. 저혈당 증상(어지러움, 식은땀, 손 떨림)이 나타나면 즉시 중단 후 당분을 섭취하세요.",질환이 있거나 치료 중인 경우 의료진과 상담 후 개인의 건강 상태에 맞게 진행해주세요.,true
SPECIAL,HYPERTENSION,EXERCISE,굽은 어깨 펴고 당당어깨 챌린지,"밴드를 배꼽 높이에 고정합니다.
허리를 곧게 펴고 앉아 양손으로 밴드를 잡습니다.
숨을 내쉬며 팔꿈치를 뒤로 당겨 옆구리 쪽으로 가져오고, 등을 조이는 느낌을 느껴보세요.
숨을 들이마시며 천천히 처음 자세로 돌아옵니다.
12회씩 3세트 진행하고, 세트 사이에는 60초 휴식해주세요.",7,,,NORMAL,"밴드를 너무 짧게 잡지 마세요.
가볍게 저항이 느껴지는 정도로만 잡아도 충분합니다.
밴드를 당길 때는 반드시 숨을 내쉬고, 돌아올 때는 자연스럽게 숨을 들이마셔주세요.
숨을 참으면 혈압이 급격히 상승할 수 있습니다.
어깨가 심하게 올라가지 않도록 주의하고, 목을 길게 편 자세를 유지해주세요.
운동 중 어지러움, 흉통, 두통이 발생하면 즉시 중단하고 휴식하세요.
저혈당 증상(어지러움, 식은땀, 손 떨림 등)이 나타나면 즉시 중단 후 당분을 섭취하세요.",질환이 있거나 치료 중인 경우 의료진과 상담 후 개인의 건강 상태에 맞게 진행해주세요.,true
SPECIAL,HYPERTENSION,EXERCISE,나에게도 탄탄한 팔뚝이? 챌린지,"바르게 선 자세에서 밴드의 중앙을 발로 밟고 손바닥이 정면을 향하도록 양손으로 밴드 양 끝을 잡습니다.
팔꿈치를 몸통 옆에 붙인 상태에서 숨을 내쉬며 손을 어깨 방향으로 천천히 들어 올립니다.
숨을 들이마시며 천천히 원래 자세로 돌아옵니다.
12회씩 3세트 진행하고, 세트 사이에는 60초 휴식해주세요.",7,,,NORMAL,"밴드를 너무 짧게 잡지 마세요.
가볍게 저항이 느껴지는 정도로만 잡아도 충분합니다.
밴드를 당길 때는 반드시 숨을 내쉬고, 돌아올 때는 자연스럽게 숨을 들이마셔주세요.
숨을 참으면 혈압이 급격히 상승할 수 있습니다.
어깨가 심하게 올라가지 않도록 주의하고, 목을 길게 편 자세를 유지해주세요.
운동 중 어지러움, 흉통, 두통이 발생하면 즉시 중단하고 휴식하세요.
저혈당 증상(어지러움, 식은땀, 손 떨림 등)이 나타나면 즉시 중단 후 당분을 섭취하세요.",질환이 있거나 치료 중인 경우 의료진과 상담 후 개인의 건강 상태에 맞게 진행해주세요.,true
SPECIAL,HYPERTENSION,EXERCISE,나에게도 탄탄한 어깨가? 챌린지,"바르게 선 자세에서 밴드의 중앙을 발로 밟고 손바닥이 정면을 향하도록 양손으로 밴드 양 끝을 잡습니다.
팔꿈치를 90도 정도 구부려 손을 귀 높이까지 올립니다.
숨을 내쉬며 손을 천장 방향으로 천천히 밀어 올립니다.
숨을 들이마시며 천천히 시작 자세로 돌아옵니다.
12회씩 3세트 진행하고, 세트 사이에는 60초 휴식해주세요.",7,,,NORMAL,"밴드를 너무 짧게 잡지 마세요.
가볍게 저항이 느껴지는 정도로만 잡아도 충분합니다.
밴드를 당길 때는 반드시 숨을 내쉬고, 돌아올 때는 자연스럽게 숨을 들이마셔주세요.
숨을 참으면 혈압이 급격히 상승할 수 있습니다.
어깨가 심하게 올라가지 않도록 주의하고, 목을 길게 편 자세를 유지해주세요.
운동 중 어지러움, 흉통, 두통이 발생하면 즉시 중단하고 휴식하세요.
저혈당 증상(어지러움, 식은땀, 손 떨림 등)이 나타나면 즉시 중단 후 당분을 섭취하세요.",질환이 있거나 치료 중인 경우 의료진과 상담 후 개인의 건강 상태에 맞게 진행해주세요.  고혈압 환자는 팔을 머리 위로 올리는 동작 시 반드시 숨을 내쉬며 진행하고 숨을 참지 마세요.,true
SPECIAL,HYPERTENSION,EXERCISE,당신을 위한 입문 스쿼트 챌린지,"의자 앞에 바르게 선 자세에서 엉덩이를 뒤로 빼며 천천히 앉습니다.
앉는 동안 약 3초에 걸쳐 숨을 들이마십니다.
이후 숨을 내쉬며 약 3초에 걸쳐 천천히 일어섭니다.
12회씩 3세트 진행하고, 세트 사이에는 60초 휴식해주세요.",7,,,NORMAL,"바퀴가 없고 흔들리지 않는 안정적인 의자를 사용해주세요.
의자에 털썩 주저앉지 말고 근육의 힘으로 천천히 내려가세요.
내려갈 때 무릎이 안쪽으로 무너지지 않도록 발끝 방향과 같은 방향으로 움직여주세요.
허리가 둥글게 말리지 않도록 복부에 단단히 힘을 주고 가슴을 편 상태를 유지하세요.
뒤꿈치가 들리지 않도록 발바닥 전체로 바닥을 밀어내며 일어섭니다.
일어설 때는 반드시 숨을 내쉬세요.
힘을 줄 때 숨을 참으면 혈압이 급격히 상승할 수 있습니다.
운동 중 어지러움, 흉통, 두통이 발생하면 즉시 중단하고 휴식하세요.
저혈당 증상(어지러움, 식은땀, 손 떨림 등)이 나타나면 즉시 중단 후 당분을 섭취하세요.",질환이 있거나 치료 중인 경우 의료진과 상담 후 개인의 건강 상태에 맞게 진행해주세요.,true
SPECIAL,HYPERTENSION,EXERCISE,계단 타고 지방 타고 챌린지(초급),"계단을 오르며 5분 운동 후 60~90초 휴식합니다.
이를 3세트 반복하여 총 15분간 진행합니다.
약간 숨이 차지만 짧은 대화는 가능한 정도의 강도를 유지해주세요.
계단을 오를 때는 엉덩이를 살짝 뒤로 빼고 무릎에만 부담이 실리지 않도록 주의합니다. 계단을 내려올 때는 엘리베이터를 이용을 권장합니다.",1,,,NORMAL,"계단 운동은 오르는 동작을 중심으로 진행해주세요.
내려올 때는 무릎과 발목에 부담이 증가할 수 있으므로 엘리베이터 이용을 권장합니다.
관절 통증이 있거나 균형 유지가 어려운 경우에는 무리하지 마세요.
운동 중 어지러움, 흉통, 두통 또는 호흡곤란이 발생하면 즉시 중단하고 휴식하세요.",질환이 있거나 치료 중인 경우 의료진과 상담 후 개인의 건강 상태에 맞게 진행해주세요.  당뇨병 환자는 계단 하강 시 반복 충격으로 족부 손상 위험이 있어 참여를 권장하지 않습니다.,true
SPECIAL,GENERAL,EXERCISE,나비처럼 날아볼까 챌린지,"양발을 모으고 바르게 섭니다.
가볍게 점프하며 양발을 어깨너비보다 넓게 벌리고, 동시에 양팔을 어깨높이까지 들어 올립니다.
다시 가볍게 점프하며 양발을 모으고 팔을 내리며 시작 자세로 돌아옵니다.
15회씩 3세트 진행하고, 세트 사이에는 60~90초 휴식해주세요.",7,,,MEDIUM,"발에 잘 맞는 편안한 운동화를 착용하고 진행해주세요.
관절에 통증이 발생하면 즉시 운동을 중단하세요.
운동 중 어지러움, 흉통, 두통 또는 기타 이상 증상이 발생하면 즉시 중단하고 휴식하세요.",질환이 있거나 치료 중인 경우 의료진과 상담 후 개인의 건강 상태에 맞게 진행해주세요.  고혈압 환자는 점프 시 혈압이 급격히 상승할 수 있어 참여를 권장하지 않습니다. 당뇨병 환자는 점프 착지 충격으로 족부 손상 위험이 있어 참여를 권장하지 않습니다.,true
SPECIAL,HYPERTENSION,EXERCISE,조금 더 힘차게 걸어볼까 챌린지,"팔꿈치를 약 90도로 구부리고, 옆구리를 스치듯 자연스럽게 앞뒤로 흔들며 빠르게 걷습니다.
20분간 걷기를 진행하며, 약간 숨이 차지만 옆 사람과 짧은 대화는 가능한 정도의 강도를 유지해주세요.",7,,,MEDIUM,"발에 잘 맞는 편안한 운동화를 착용하고 진행해주세요.
운동 중 어지러움, 흉통, 두통 또는 통증이 발생하면 즉시 중단하고 휴식하세요.
저혈당 증상(어지러움, 식은땀, 손 떨림 등)이 나타나면 즉시 중단 후 당분을 섭취하세요.",질환이 있거나 치료 중인 경우 의료진과 상담 후 개인의 건강 상태에 맞게 진행해주세요.,true
SPECIAL,HYPERTENSION,EXERCISE,당신을 위한 초급 스쿼트 챌린지,"의자 앞에 바르게 선 자세에서 엉덩이를 뒤로 빼며 천천히 앉습니다.
의자에 완전히 앉지 말고 엉덩이로 의자 끝을 가볍게 터치합니다.
앉는 동안 약 3초에 걸쳐 숨을 들이마시고, 일어설 때는 숨을 내쉬며 약 3초에 걸쳐 천천히 일어납니다.
12회씩 3세트 진행하고, 세트 사이에는 60~90초 휴식해주세요.",7,,,MEDIUM,"바퀴가 없고 흔들리지 않는 안정적인 의자를 사용해주세요.
내려갈 때 무릎이 안쪽으로 모이지 않도록 발끝 방향과 같은 방향으로 움직여주세요.
허리가 둥글게 말리지 않도록 복부에 힘을 주고 척추의 중립 자세를 유지하세요.
뒤꿈치가 들리지 않도록 발바닥 전체로 바닥을 밀어내며 일어섭니다.
일어설 때는 반드시 숨을 내쉬세요.
힘을 줄 때 숨을 참으면 혈압이 급격히 상승할 수 있습니다.
운동 중 어지러움, 흉통, 두통이 발생하면 즉시 중단하고 휴식하세요.
저혈당 증상(어지러움, 식은땀, 손 떨림 등)이 나타나면 즉시 중단 후 당분을 섭취하세요.",질환이 있거나 치료 중인 경우 의료진과 상담 후 개인의 건강 상태에 맞게 진행해주세요.,true
SPECIAL,GENERAL,EXERCISE,내 몸을 더 가볍게! 챌린지,"제자리에서 무릎을 가볍게 구부려 한쪽씩 번갈아 허리 높이까지 들어 올립니다.
팔을 자연스럽게 흔들며 리듬감 있게 움직여주세요.
15회씩 3세트 진행하고, 세트 사이에는 60~90초 휴식해주세요.",7,,,MEDIUM,"착지할 때는 발 앞쪽부터 부드럽게 닿도록 하여 충격을 줄여주세요.
무릎, 발목 또는 허리에 통증이 있는 경우 무리하지 말고 동작 범위를 줄여 진행하세요.
균형 유지가 어렵다면 벽이나 의자 가까이에서 진행해주세요.
힘을 줄 때는 반드시 숨을 내쉬세요.
숨을 참으면 혈압이 급격히 상승할 수 있습니다.
관절에 통증이 발생하면 즉시 운동을 중단하세요.
운동 중 어지러움, 흉통, 두통, 호흡곤란 또는 기타 이상 증상이 발생하면 즉시 중단하고 휴식하세요.
저혈당 증상(어지러움, 식은땀, 손 떨림 등)이 나타나면 즉시 중단 후 당분을 섭취하세요.",질환이 있거나 치료 중인 경우 의료진과 상담 후 개인의 건강 상태에 맞게 진행해주세요.  고혈압 환자는 고강도 제자리 달리기 시 혈압이 급격히 상승할 수 있어 참여를 권장하지 않습니다. 당뇨병 환자는 반복 충격으로 족부 손상 위험이 있어 참여를 권장하지 않습니다.,true
SPECIAL,HYPERTENSION,EXERCISE,푸쉬업 입문 챌린지,"바닥에 무릎을 대고 엎드립니다.
양손은 어깨보다 약간 넓게 벌려 바닥을 짚고, 아랫배와 엉덩이에 힘을 주어 머리부터 무릎까지 일직선을 유지합니다.
숨을 들이마시며 팔꿈치를 천천히 구부려 가슴을 바닥 쪽으로 내립니다.
숨을 내쉬며 바닥을 밀어 처음 자세로 돌아옵니다.
12회씩 3세트 진행하고, 세트 사이에는 60~90초 휴식해주세요.",7,,,MEDIUM,"관절에 통증이 발생하면 즉시 운동을 중단하세요.
힘을 줄 때는 반드시 숨을 내쉬세요.
숨을 참으면 혈압이 급격히 상승할 수 있습니다.
운동 중 어지러움, 흉통, 두통 또는 기타 이상 증상이 발생하면 즉시 중단하고 휴식하세요.
저혈당 증상(어지러움, 식은땀, 손 떨림 등)이 나타나면 즉시 중단 후 당분을 섭취하세요.",질환이 있거나 치료 중인 경우 의료진과 상담 후 개인의 건강 상태에 맞게 진행해주세요.,true
SPECIAL,GENERAL,EXERCISE,데드리프트 입문 챌린지,"밴드의 중앙을 발로 밟고 양손으로 밴드를 잡습니다.
양 발을 골반 너비로 벌리고 가슴을 펴고 허리를 곧게 유지한 채 서서 정면을 바라봅니다.
무릎을 살짝 구부린 상태로 복부에 가볍게 힘을 주어 엉덩이를 뒤로 빼며 상체를 천천히 숙입니다.
허벅지 뒤쪽이 당기는 느낌이 들면 멈춘 후, 엉덩이를 앞으로 밀며 천천히 일어섭니다.
12회씩 3세트 진행하고, 세트 사이에는 60~90초 휴식해주세요.",7,,,MEDIUM,"상체를 숙일 때 허리가 둥글게 말리지 않도록 가슴을 펴고 척추를 곧게 유지해주세요.
몸을 숙일 때는 허리를 굽히기보다 엉덩이를 뒤로 보내는 힌지 동작에 집중하세요.
관절에 통증이 발생하면 즉시 운동을 중단하세요.
저혈당 증상(어지러움, 식은땀, 손 떨림 등)이 나타나면 즉시 중단 후 당분을 섭취하세요.",질환이 있거나 치료 중인 경우 의료진과 상담 후 개인의 건강 상태에 맞게 진행해주세요.  고혈압 환자는 전신 근육 수축과 상체 숙임 동작으로 혈압이 급격히 상승할 수 있어 참여를 권장하지 않습니다.,true
SPECIAL,HYPERTENSION,EXERCISE,나에게도 탄탄한 가슴이? 챌린지,"허리를 곧게 펴고 의자에 앉아 등을 등받이에 편안하게 기댑니다.
밴드를 등 뒤로 둘러 겨드랑이 아래에 위치시키고, 양손으로 밴드 양 끝을 잡습니다.
팔꿈치를 구부려 가슴 옆에 둔 상태에서 숨을 내쉬며 양손을 정면으로 밀어냅니다.
숨을 들이마시며 천천히 시작 자세로 돌아옵니다.
12회씩 3세트 진행하고, 세트 사이에는 60~90초 휴식해주세요.",7,,,MEDIUM,"팔꿈치가 어깨 높이보다 올라가지 않도록 가슴 높이에서 움직여주세요.
손목이 꺾이지 않도록 곧게 유지하며 진행하세요.
힘을 주어 밀어낼 때는 반드시 숨을 내쉬세요.
숨을 참으면 혈압이 급격히 상승할 수 있습니다.
운동 중 어지러움, 흉통, 두통이 발생하면 즉시 중단하고 휴식하세요.
저혈당 증상(어지러움, 식은땀, 손 떨림 등)이 나타나면 즉시 중단 후 당분을 섭취하세요.",질환이 있거나 치료 중인 경우 의료진과 상담 후 개인의 건강 상태에 맞게 진행해주세요.,true
SPECIAL,HYPERTENSION,EXERCISE,브릿지 챌린지 입문 챌린지,"바닥에 등을 대고 누워 무릎을 구부리고 발바닥을 바닥에 댑니다.
양발은 골반너비로 벌리고, 뒤꿈치는 무릎 아래에 위치하도록 합니다.
숨을 내쉬며 엉덩이를 천천히 들어 올려 어깨부터 무릎까지 일직선이 되도록 만듭니다.
2초간 유지한 뒤, 숨을 들이마시며 천천히 내려옵니다.
12회씩 3세트 진행하고, 세트 사이에는 60~90초 휴식해주세요.",7,,,MEDIUM,"엉덩이를 들어 올릴 때는 반드시 숨을 내쉬세요.
숨을 참으면 혈압이 급격히 상승할 수 있습니다.
엉덩이를 과도하게 높이 들어 허리가 꺾이지 않도록 주의하세요.
무릎이 안쪽으로 모이거나 바깥쪽으로 벌어지지 않도록 골반 너비를 유지해주세요.
관절에 통증이 발생하면 즉시 운동을 중단하세요.
운동 중 어지러움, 흉통, 두통이 발생하면 즉시 중단하고 휴식하세요.
저혈당 증상(어지러움, 식은땀, 손 떨림 등)이 나타나면 즉시 중단 후 당분을 섭취하세요.",질환이 있거나 치료 중인 경우 의료진과 상담 후 개인의 건강 상태에 맞게 진행해주세요.  고혈압 환자는 엉덩이를 올릴 때 반드시 숨을 내쉬며 진행하세요. 숨을 참으면 혈압이 급격히 상승할 수 있습니다.,true
GENERAL,GENERAL,EXERCISE,산뜻하게 몸 깨우기 챌린지,"15분간 편안한 속도로 걷습니다.
옆 사람과 대화를 나눌 수 있는 정도의 속도를 유지해주세요.",7,,,EASY,"발에 잘 맞는 편안한 운동화를 착용하고 진행해주세요.
운동 중 어지러움이나 기타 이상 증상이 발생하면 즉시 중단하고 휴식하세요.",,true
GENERAL,GENERAL,EXERCISE,유산소 입문을 위한 제자리 걷기 챌린지,"제자리에서 양쪽 무릎을 번갈아 골반 높이까지 들어 올립니다.
팔은 걷는 것처럼 자연스럽게 앞뒤로 흔들어주세요.
15분간 일정한 리듬으로 진행합니다.",7,,,EASY,"무릎을 들어 올릴 때 상체가 뒤로 젖혀지지 않도록 허리를 곧게 유지해주세요.
발에 잘 맞는 편안한 운동화를 착용하고 진행해주세요.
운동 중 어지러움이나 기타 이상 증상이 발생하면 즉시 중단하고 휴식하세요.",,true
GENERAL,GENERAL,EXERCISE,비가오나 눈이오나 유산소는 가능해 챌린지,"의자에 허리를 곧게 펴고 앉습니다.
양쪽 다리를 번갈아 들어 올렸다가 내리며 걷는 것처럼 리듬감 있게 움직입니다.
무릎은 가능한 범위 내에서 허리에서 가슴 높이까지 들어 올려주세요.
15분간 꾸준히 진행합니다.",1,,,EASY,"다리를 들어 올릴 때 상체가 뒤로 젖혀지지 않도록 허리를 곧게 유지해주세요.
발을 내릴 때는 바닥에 쿵 떨어뜨리지 말고 천천히 내려놓으세요.
바퀴가 없고 흔들리지 않는 안정적인 의자를 사용하여 진행해주세요.
운동 중 어지러움, 통증 또는 기타 이상 증상이 발생하면 즉시 중단하고 휴식하세요.",,true
GENERAL,GENERAL,EXERCISE,싸이클 입문 챌린지,"실내 자전거를 25분간 탑니다.
옆 사람과 편안하게 대화할 수 있는 정도의 속도와 강도를 유지해주세요.
무리하지 않고 꾸준히 페달을 밟는 것을 목표로 합니다.",7,,,EASY,"안장은 페달이 가장 아래에 있을 때 무릎이 살짝 굽혀지는 높이로 맞춰주세요.
안장이 너무 높거나 낮으면 무릎과 허리에 부담이 될 수 있습니다.
운동 중 어지러움, 통증 또는 기타 이상 증상이 발생하면 즉시 중단하고 휴식하세요.",,true
GENERAL,GENERAL,EXERCISE,아쿠아 워킹 챌린지,"허리 깊이의 물속에서 25분간 천천히 걷습니다.
옆 사람과 편안하게 대화할 수 있는 정도의 속도를 유지해주세요.
물의 저항을 느끼며 일정한 속도로 꾸준히 움직입니다.",3,,,EASY,"수영 전에는 충분한 준비운동으로 몸을 풀어주세요.
수영장 이용 시 미끄러지지 않도록 주의하고, 수영장 바닥에서는 뛰지 마세요.
무리하지 않는 강도로 진행하며 자신의 체력에 맞게 운동하세요.
운동 중 어지러움, 흉통, 두통, 호흡곤란 또는 기타 이상 증상이 발생하면 즉시 중단하고 휴식하세요.",,true
GENERAL,GENERAL,EXERCISE,유산소 초급 챌린지,"25분간 빠르게 걷습니다.
옆 사람과 간단한 대화가 가능한 정도의 속도를 유지해주세요.
팔꿈치를 약 90도로 구부리고 팔을 자연스럽게 앞뒤로 흔들며 걸어봅니다.",7,,,NORMAL,"팔을 앞뒤로 흔들 때 어깨에 힘이 들어가지 않도록 자연스럽게 움직여주세요.
발에 잘 맞는 편안한 운동화를 착용하고 진행해주세요.
운동 중 어지러움, 흉통, 두통, 호흡곤란 또는 기타 이상 증상이 발생하면 즉시 중단하고 휴식하세요.",,true
GENERAL,GENERAL,EXERCISE,달리기 입문을 위한 인터벌 입문 챌린지,"빠르게 걷기 3분과 천천히 걷기 2분을 번갈아 진행합니다.
빠르게 걷는 구간은 약간 숨이 차지만 짧은 대화는 가능한 정도의 속도를 유지해주세요.
천천히 걷는 구간은 옆 사람과 편안하게 대화할 수 있는 속도로 걸어줍니다.
이를 반복하여 총 25분간 진행합니다.",7,,,NORMAL,"빠르게 걷는 구간에서도 무리하게 속도를 높이지 마세요.
자신의 체력에 맞는 속도를 유지하며 진행해주세요.
발에 잘 맞는 편안한 운동화를 착용하고 진행해주세요.
운동 중 어지러움, 흉통, 두통, 호흡곤란 또는 기타 이상 증상이 발생하면 즉시 중단하고 휴식하세요.",,true
GENERAL,GENERAL,EXERCISE,싸이클 초급 챌린지,"실내 자전거를 25분간 탑니다.
숨이 조금 차는 느낌이 들지만 무리하지 않는 정도의 강도로 진행합니다.
일정한 속도로 꾸준히 페달을 밟아보세요.",7,,,NORMAL,"안장은 페달이 가장 아래에 위치했을 때 무릎이 살짝 굽혀지는 높이로 조절해주세요.
안장이 너무 높거나 낮으면 무릎과 허리에 부담이 될 수 있습니다.
운동 중 어지러움, 흉통, 두통, 호흡곤란 또는 기타 이상 증상이 발생하면 즉시 중단하고 휴식하세요.",,true
GENERAL,GENERAL,EXERCISE,수영 좋아하세요? 챌린지,"25분 이상 수영합니다.
자신의 체력에 맞는 속도를 유지하며 꾸준히 움직여주세요.
중간중간 잠시 멈춰 호흡을 정리한 뒤 다시 이어서 진행합니다.",7,,,NORMAL,"수영 전에는 충분한 준비운동으로 몸을 풀어주세요.
수영장 이용 시 미끄러지지 않도록 주의하고, 수영장 바닥에서는 뛰지 마세요.
무리하지 않는 강도로 진행하며 자신의 체력에 맞게 운동하세요.
운동 중 어지러움, 흉통, 두통, 호흡곤란 또는 기타 이상 증상이 발생하면 즉시 중단하고 휴식하세요.",,true
GENERAL,GENERAL,EXERCISE,경치보며 지루함 달래는 등산 챌린지,"25분 이상 완만한 등산로를 걷습니다.
옆 사람과 간단한 대화가 가능한 정도의 속도를 유지하며 등산해주세요.
무리하지 않고 일정한 속도로 꾸준히 걷는 것을 목표로 합니다.",1,,,NORMAL,"려올 때는 보폭을 작게 하고 무릎을 살짝 굽힌 상태로 천천히 이동해주세요.
미끄러운 구간에서는 난간이나 등산 스틱을 활용하여 균형을 유지하세요.
무릎이나 발목에 통증이 느껴지면 즉시 운동을 중단하세요.
운동 중 어지러움, 흉통, 두통, 호흡곤란 또는 기타 이상 증상이 발생하면 즉시 중단하고 휴식하세요.",,true
GENERAL,GENERAL,EXERCISE,이제 달려볼까 챌린지,"25분 이상 달립니다.
약간 숨이 차며 옆 사람의 질문에 짧은 단어나 짧은 문장으로만 대답할 수 있는 정도의 속도를 유지해주세요.
무리하지 않고 일정한 리듬으로 달리는 것을 목표로 합니다.",3,,,MEDIUM,"발을 내디딜 때는 바닥을 세게 딛지 말고 부드럽게 착지해주세요.
발에 잘 맞는 편안한 운동화를 착용하고 진행해주세요.
무릎, 발목 또는 기타 관절에 통증이 발생하면 즉시 운동을 중단하세요.
운동 중 어지러움, 흉통, 두통, 호흡곤란 또는 기타 이상 증상이 발생하면 즉시 중단하고 휴식하세요.",,true
GENERAL,GENERAL,EXERCISE,인터벌 초급 챌린지,"걷기 3분과 달리기 2분을 번갈아 진행합니다.
달리기 구간은 약간 숨이 차며 짧은 단어나 짧은 문장으로만 대답할 수 있는 정도의 속도를 유지해주세요.
걷기 구간은 호흡을 정리하며 편안한 속도로 진행합니다.
이를 반복하여 총 30분간 운동합니다.",3,,,MEDIUM,"달리기 구간에서도 무리하게 속도를 높이지 말고 자신의 체력에 맞는 강도를 유지해주세요.
발에 잘 맞는 편안한 운동화를 착용하고 진행해주세요.
무릎, 발목 또는 기타 관절에 통증이 발생하면 즉시 운동을 중단하세요.
운동 중 어지러움, 흉통, 두통, 호흡곤란 또는 기타 이상 증상이 발생하면 즉시 중단하고 휴식하세요.",,true
GENERAL,GENERAL,EXERCISE,싸이클 중급 챌린지,"야외에서 자전거를 35~40분간 탑니다.
약간 숨이 차며 짧은 단어나 짧은 문장으로만 대답할 수 있는 정도의 속도를 유지해주세요.
무리하지 않고 일정한 리듬으로 꾸준히 페달을 밟는 것을 목표로 합니다.",3,,,MEDIUM,"야외 자전거 탑승 시 반드시 안전모를 착용하고 교통법규를 준수해주세요.
주행 중 이어폰 사용이나 휴대전화 조작은 하지 마세요.
안장은 페달이 가장 아래에 위치했을 때 무릎이 살짝 굽혀지는 높이로 조절해주세요.
안장이 너무 높거나 낮으면 무릎과 허리에 부담이 될 수 있습니다.
운동 중 어지러움, 흉통, 두통, 호흡곤란 또는 기타 이상 증상이 발생하면 즉시 중단하고 휴식하세요.",,true
GENERAL,GENERAL,EXERCISE,수영 많이 좋아하세요? 챌린지,"40분 이상 수영합니다.
자신의 체력에 맞는 속도를 유지하며 꾸준히 움직여주세요.
중간중간 필요할 때 잠시 쉬며 호흡을 고른 후 다시 이어서 진행합니다.",3,,,MEDIUM,"수영 전에는 충분한 준비운동으로 몸을 풀어주세요.
수영장 이용 시 미끄러지지 않도록 주의하고, 수영장 바닥에서는 뛰지 마세요.
무리하지 않는 강도로 진행하며 자신의 체력에 맞게 운동하세요.
운동 중 어지러움, 흉통, 두통, 호흡곤란 또는 기타 이상 증상이 발생하면 즉시 중단하고 휴식하세요.",,true
GENERAL,GENERAL,EXERCISE,경치보며 지루함 달래는 찐등산 챌린지,"45~70분 코스를 등산합니다.
약간 숨이 차지만 짧은 대화는 가능한 정도의 강도를 유지해주세요.
무리하게 속도를 내기보다 일정한 속도로 꾸준히 걷는 것을 목표로 합니다.",1,,,MEDIUM,"등산 전 충분한 물과 간단한 간식을 준비해주세요.
하산 시에는 보폭을 작게 하고 무릎을 살짝 굽혀 충격을 줄이며 천천히 내려오세요.
미끄러운 구간에서는 난간이나 등산 스틱을 활용해 균형을 유지해주세요.
무릎이나 발목에 통증이 느껴지면 즉시 운동을 중단하세요.
운동 중 어지러움, 흉통, 두통, 호흡곤란 또는 기타 이상 증상이 발생하면 즉시 중단하고 휴식하세요.",,true
GENERAL,GENERAL,EXERCISE,줄넘기로 지방 태우기 챌린지,"줄넘기를 1분간 실시한 후 30초간 휴식합니다.
이를 10회 반복합니다.
자신의 체력에 맞는 속도로 일정한 리듬을 유지하며 진행해주세요.",1,,,MEDIUM,"착지할 때는 발 앞쪽부터 부드럽게 닿도록 하여 무릎과 발목의 충격을 줄여주세요.
무릎이나 발목에 통증이 느껴지면 즉시 운동을 중단하세요.
운동 중 어지러움, 흉통, 두통, 호흡곤란 또는 기타 이상 증상이 발생하면 즉시 중단하고 휴식하세요.",,true
GENERAL,GENERAL,EXERCISE,계단 타고 지방 타고 챌린지,"계단을 2칸씩 오르며 5분간 운동합니다.
5분 운동 후에는 엘리베이터를 이용해 내려오거나 60~90초 정도 휴식한 뒤 다시 시작합니다.
이를 6세트 반복하여 총 30분간 진행합니다.
계단을 오를 때는 엉덩이를 살짝 뒤로 빼고, 무릎에만 부담이 집중되지 않도록 주의해주세요.
약간 숨이 차며 짧은 단어나 짧은 문장으로만 대답할 수 있는 정도의 강도를 유지합니다.",1,,,MEDIUM,"계단을 오를 때는 무릎이 발끝보다 과도하게 앞으로 나가지 않도록 엉덩이를 살짝 뒤로 빼며 진행해주세요.
발바닥 전체로 계단을 밀어 올라간다는 느낌으로 움직입니다.
내려올 때는 무릎과 발목에 부담이 증가할 수 있으므로 엘리베이터 이용을 권장합니다.
관절에 통증이 발생하면 즉시 운동을 중단하세요.
운동 중 어지러움, 흉통, 두통, 호흡곤란 또는 기타 이상 증상이 발생하면 즉시 중단하고 휴식하세요.",,true
GENERAL,GENERAL,EXERCISE,앉아서도 건강한 다리 만들기 챌린지,"의자에 허리를 곧게 펴고 앉습니다.
한쪽 다리를 앞으로 곧게 뻗어 1~2초간 유지한 뒤 천천히 내립니다.
허벅지 앞쪽에 힘이 들어가는 것을 느끼며 진행해주세요.
양쪽 다리를 번갈아 15회씩, 2세트 진행합니다.",7,,,EASY,"다리를 뻗을 때 무릎을 세게 튕기듯 펴지 말고 천천히 부드럽게 움직여주세요.
동작 내내 허리를 곧게 유지하고 반동을 사용하지 않습니다.
관절에 통증이 발생하면 즉시 운동을 중단하세요.
운동 중 어지러움, 흉통, 두통, 호흡곤란 또는 기타 이상 증상이 발생하면 즉시 중단하고 휴식하세요.",,true
GENERAL,GENERAL,EXERCISE,브릿지 입문 챌린지,"바닥에 등을 대고 누운 뒤 무릎을 구부려 세웁니다.
숨을 내쉬며 엉덩이를 천천히 들어 올려 어깨부터 무릎까지 일직선이 되도록 만듭니다.
2초간 유지한 뒤, 숨을 들이마시며 천천히 내려옵니다.
15회씩 2세트 진행합니다.",7,,,EASY,"엉덩이를 과도하게 높이 들어 허리가 꺾이지 않도록 주의하세요.
어깨부터 무릎까지 일직선이 되는 높이까지만 들어 올립니다.
무릎이 안쪽으로 모이거나 바깥쪽으로 벌어지지 않도록 골반 너비를 유지해주세요.
관절에 통증이 발생하면 즉시 운동을 중단하세요.
운동 중 어지러움, 흉통, 두통, 호흡곤란 또는 기타 이상 증상이 발생하면 즉시 중단하고 휴식하세요.",,true
GENERAL,GENERAL,EXERCISE,스쿼트 챌린지,"발을 어깨너비로 벌리고 서서 발끝을 살짝 바깥쪽으로 향하게 합니다.
의자에 앉는다는 느낌으로 엉덩이를 뒤로 빼며 천천히 내려갑니다.
허벅지가 바닥과 평행해질 때까지 내려간 뒤 다시 천천히 일어섭니다.
내려갈 때는 숨을 들이마시고, 올라올 때는 숨을 내쉽니다.
15회씩 3세트 진행합니다.",7,,,NORMAL,"내려갈 때 무릎이 안쪽으로 모이지 않도록 발끝 방향과 같은 방향으로 움직여주세요.
허리가 둥글게 굽지 않도록 가슴을 펴고 등을 곧게 유지하며 진행하세요.
관절에 통증이 발생하면 즉시 운동을 중단하세요.
운동 중 어지러움, 흉통, 두통, 호흡곤란 또는 기타 이상 증상이 발생하면 즉시 중단하고 휴식하세요.",,true
GENERAL,GENERAL,EXERCISE,런지 입문 챌린지,"벽이나 의자를 가볍게 짚고 바르게 섭니다.
한 발을 뒤로 크게 내딛고, 숨을 들이마시며 양쪽 무릎을 천천히 구부려 내려갑니다.
앞뒤 무릎이 약 90도가 되도록 하고, 뒷무릎은 바닥에 닿지 않을 정도까지만 내려갑니다.
숨을 내쉬며 앞발 뒤꿈치로 바닥을 밀어 처음 자세로 돌아옵니다.
양쪽 다리를 번갈아 각 12회씩, 3세트 진행합니다.",3,,,NORMAL,"상체를 곧게 세운 상태를 유지하며 수직으로 내려가세요.
앞쪽 무릎이 발끝보다 과도하게 앞으로 나가지 않도록 주의해주세요.
벽이나 의자는 균형을 잡기 위한 용도로만 가볍게 짚고, 체중을 과도하게 싣지 마세요.
관절에 통증이 발생하면 즉시 운동을 중단하세요.
운동 중 어지러움, 흉통, 두통, 호흡곤란 또는 기타 이상 증상이 발생하면 즉시 중단하고 휴식하세요.",,true
GENERAL,GENERAL,EXERCISE,플랭크 입문 챌린지,"바닥에 엎드려 팔꿈치를 어깨 바로 아래에 놓고 무릎을 바닥에 댑니다.
배와 엉덩이에 힘을 주어 머리부터 무릎까지 일직선을 유지합니다.
30초간 자세를 유지한 후 30초 휴식합니다.
이를 3세트 반복하며, 익숙해지면 유지 시간을 1분까지 늘려보세요.",3,,,NORMAL,"허리가 아래로 처지지 않도록 복부에 힘을 주고 머리부터 발끝까지 몸이 일직선이 되도록 유지해주세요.
허리가 처지면 허리에 부담이 증가할 수 있습니다.
반대로 엉덩이를 너무 높이 들면 운동 효과가 감소할 수 있으므로 주의하세요.
관절에 통증이 발생하면 즉시 운동을 중단하세요.
운동 중 어지러움, 흉통, 두통, 호흡곤란 또는 기타 이상 증상이 발생하면 즉시 중단하고 휴식하세요.",,true
GENERAL,GENERAL,EXERCISE,수퍼맨 챌린지,"바닥에 엎드려 팔꿈치를 W자 모양으로 구부립니다.
숨을 내쉬며 오른팔과 왼다리를 동시에 살짝 들어 올리고 1~2초간 유지합니다.
숨을 들이마시며 천천히 내린 후, 반대쪽도 같은 방법으로 진행합니다.
좌우 각각 10회씩, 2세트 진행합니다.",3,,,NORMAL,"팔과 다리를 들어 올릴 때 어깨가 으쓱 올라가지 않도록 주의해주세요.
허리가 과도하게 꺾이지 않도록 복부에 가볍게 힘을 주고 척추의 중립 자세를 유지하세요.

몸통이 좌우로 흔들리지 않도록 안정적으로 유지하며 진행합니다.
운동 중 통증이나 이상 증상이 발생하면 즉시 중단하고 휴식하세요.",,true
GENERAL,GENERAL,EXERCISE,맨 몸 스쿼트보다 더 강하게 챌린지,"양손에 아령을 들고 어깨 앞에 위치시킵니다.
발을 어깨너비로 벌리고 서서, 의자에 앉는다는 느낌으로 엉덩이를 뒤로 빼며 천천히 내려갑니다.
허벅지가 바닥과 평행해질 때까지 내려간 뒤, 숨을 내쉬며 발바닥 전체로 바닥을 밀어 일어섭니다.
15회씩 3세트 진행합니다.",3,,,MEDIUM,"내려갈 때 무릎이 안쪽으로 모이지 않도록 발끝 방향과 같은 방향으로 움직여주세요.
아령의 무게 때문에 상체가 앞으로 과도하게 숙여지지 않도록 가슴을 펴고 등을 곧게 유지하세요.
복부에 힘을 주어 척추의 중립 자세를 유지하며 진행합니다.
관절에 통증이 발생하면 즉시 운동을 중단하세요.
운동 중 어지러움, 흉통, 두통, 호흡곤란 또는 기타 이상 증상이 발생하면 즉시 중단하고 휴식하세요.",,true
GENERAL,GENERAL,EXERCISE,어깨 볼륨 up 챌린지,"의자에 허리를 곧게 펴고 앉습니다.
양손에 아령을 들고 팔꿈치를 구부려 손을 어깨 또는 귀 높이에 위치시킵니다.
숨을 내쉬며 아령을 머리 위로 곧게 밀어 올립니다.
숨을 들이마시며 천천히 시작 자세로 돌아옵니다.
15~20회씩 3세트 진행합니다.",3,,,MEDIUM,"아령을 들어 올릴 때 허리를 뒤로 과도하게 젖히지 마세요.
등은 등받이에 기대고 복부에 힘을 주어 상체를 안정적으로 고정한 상태에서 진행하세요.
어깨가 귀 쪽으로 올라가지 않도록 주의하고 목을 길게 유지해주세요.
관절에 통증이 발생하면 즉시 운동을 중단하세요.
운동 중 어지러움, 흉통, 두통, 호흡곤란 또는 기타 이상 증상이 발생하면 즉시 중단하고 휴식하세요.",,true
GENERAL,GENERAL,EXERCISE,푸쉬업 챌린지,"바닥에 엎드려 양손을 어깨보다 약간 넓게 벌려 가슴 옆에 위치하도록 바닥을 짚습니다.
발끝으로 몸을 지탱하고, 배와 엉덩이에 힘을 주어 머리부터 발끝까지 일직선을 유지합니다.
숨을 들이마시며 팔꿈치를 구부려 가슴을 바닥 쪽으로 천천히 내립니다.
숨을 내쉬며 바닥을 밀어 처음 자세로 돌아옵니다.
10회씩 3세트 진행합니다.",3,,,MEDIUM,"머리부터 발끝까지 몸이 일직선이 되도록 유지해주세요.
엉덩이가 너무 높이 올라가거나 허리가 아래로 처지지 않도록 복부에 힘을 주고 자세를 유지합니다.
관절에 통증이 발생하면 즉시 운동을 중단하세요.
운동 중 어지러움, 흉통, 두통, 호흡곤란 또는 기타 이상 증상이 발생하면 즉시 중단하고 휴식하세요.",,true
GENERAL,GENERAL,EXERCISE,맨 몸 런지보다 더 강하게 챌린지,"양손에 아령을 들고 바르게 섭니다.
한 발을 뒤로 크게 내딛고, 숨을 들이마시며 양쪽 무릎을 천천히 구부려 내려갑니다.
앞뒤 무릎이 약 90도가 되도록 내려간 뒤, 숨을 내쉬며 앞발 뒤꿈치로 바닥을 밀어 일어섭니다.
양쪽 다리를 번갈아 각 12회씩, 3세트 진행합니다.",3,,,MEDIUM,"상체를 곧게 세운 상태를 유지하며 수직으로 내려가세요.
앞쪽 무릎이 발끝보다 과도하게 앞으로 나가지 않도록 주의해주세요.
아령의 무게 때문에 어깨가 앞으로 말리지 않도록 가슴을 펴고 진행하세요.
관절에 통증이 발생하면 즉시 운동을 중단하세요.
운동 중 어지러움, 흉통, 두통, 호흡곤란 또는 기타 이상 증상이 발생하면 즉시 중단하고 휴식하세요.",,true
GENERAL,GENERAL,EXERCISE,최고의 운동! 데드리프트 입문 챌린지,"양손에 아령을 들고 발을 어깨너비로 벌린 채 바르게 섭니다.
허리를 곧게 유지한 상태에서 엉덩이를 뒤로 빼며 상체를 천천히 숙입니다.
허벅지 뒤쪽이 당기는 느낌이 들면 멈춘 뒤, 숨을 내쉬며 엉덩이를 앞으로 밀어 천천히 일어섭니다.
15회씩 2세트 진행합니다.",3,,,MEDIUM,"상체를 숙일 때 허리가 둥글게 굽지 않도록 가슴을 펴고 등을 곧게 유지해주세요.
아령이 몸에서 멀어질수록 허리에 부담이 증가할 수 있으므로 허벅지와 정강이를 따라 내려가듯 몸 가까이 유지하세요.
엉덩이를 뒤로 보내는 힌지 동작에 집중하며 진행합니다.
관절에 통증이 발생하면 즉시 운동을 중단하세요.
운동 중 어지러움, 흉통, 두통, 호흡곤란 또는 기타 이상 증상이 발생하면 즉시 중단하고 휴식하세요.",,true
GENERAL,GENERAL,EXERCISE,브릿지 심화 챌린지,"바닥에 등을 대고 누운 뒤 무릎을 세웁니다.
한쪽 다리를 들어 올린 상태에서, 바닥에 딛고 있는 발로 바닥을 밀어 엉덩이를 천천히 들어 올립니다.
어깨부터 무릎까지 일직선이 되도록 만든 후 1~2초간 유지합니다.
숨을 들이마시며 천천히 내려옵니다.
양쪽 다리를 번갈아 각 12회씩, 2세트 진행합니다.",3,,,MEDIUM,"엉덩이를 들어 올릴 때 골반이 한쪽으로 기울어지지 않도록 수평을 유지해주세요.
엉덩이를 과도하게 높이 들어 허리가 꺾이지 않도록 주의하세요.
어깨부터 무릎까지 일직선이 되는 높이까지만 들어 올립니다.
관절에 통증이 발생하면 즉시 운동을 중단하세요.
운동 중 어지러움, 흉통, 두통, 호흡곤란 또는 기타 이상 증상이 발생하면 즉시 중단하고 휴식하세요.",,true
GENERAL,GENERAL,EXERCISE,정석 플랭크 챌린지,"바닥에 엎드려 팔꿈치를 어깨 바로 아래에 놓고, 발끝으로 몸을 지탱합니다.
배와 엉덩이에 힘을 주어 머리부터 발끝까지 일직선을 유지합니다.
30초간 자세를 유지한 후 30초 휴식합니다.
이를 3세트 반복하며, 익숙해지면 유지 시간을 1분까지 늘려보세요.",3,,,MEDIUM,"허리가 아래로 처지지 않도록 복부에 힘을 주고 머리부터 발끝까지 몸이 일직선이 되도록 유지해주세요.
허리가 처지면 허리에 부담이 증가할 수 있습니다.
반대로 엉덩이를 너무 높이 들면 운동 효과가 감소할 수 있으므로 주의하세요.
버티는 동안 숨을 참지 말고 자연스럽게 호흡해주세요.
관절에 통증이 발생하면 즉시 운동을 중단하세요.
운동 중 어지러움, 흉통, 두통, 호흡곤란 또는 기타 이상 증상이 발생하면 즉시 중단하고 휴식하세요.",,true
